date,tmax,heat_index,risk,tmin,prcp,tavg,prcp_flag,tmax_lag1,hot_days_prior3,hot_days_prior7,doy_sin,doy_cos,month,state,heat_index_filled,tmax_sq,tmax_lag1_sq,hi_sq,tmax_x_hi,r_screening,r_model_sameday,r_model_dayahead
2023-04-01,27.2,25.836299128778226,0.0,11.1,0.0,19.15,0.0,27.2,0.0,0.0,0.9999855506507186,0.005375731557583884,4,Arizona,25.836299128778226,739.8399999999999,739.8399999999999,667.5143526717065,702.7473363027677,0.0,0.2837980737471673,0.3553099331279878
2023-04-02,27.8,26.25259387528676,0.0,11.7,0.0,19.75,0.0,27.2,0.0,0.0,0.9999300657962057,-0.011826390691832589,4,Arizona,26.25259387528676,772.84,739.8399999999999,689.1986851807438,729.822109732972,0.0,0.3119954075205682,0.35538653359575245
2023-04-03,28.3,26.40256762195488,0.0,12.2,0.0,20.25,0.0,27.8,0.0,0.0,0.9995786855478958,-0.029025013321975237,4,Arizona,26.40256762195488,800.89,772.84,697.0955770319001,747.1926637013231,0.0,0.33302090888169966,0.3850458869236102
2023-04-04,18.3,25.61555555555556,0.0,8.3,0.0,13.3,0.0,28.3,0.0,0.0,0.9989315138848577,-0.046215046983708354,4,Arizona,25.61555555555556,334.89000000000004,800.89,656.1566864197533,468.76466666666676,0.0,0.06372826930313358,0.411744586059319
2023-04-05,20.6,19.13222222222222,0.0,7.8,0.0,14.200000000000001,0.0,18.3,0.0,0.0,0.9979887423155984,-0.06339140486951038,4,Arizona,19.13222222222222,424.36000000000007,334.89000000000004,366.0419271604938,394.1237777777778,0.0,0.0927042200147742,0.1218372515316314
2023-04-06,26.1,23.79138888888889,0.0,10.0,0.0,18.05,0.0,20.6,0.0,0.0,0.9967506498213929,-0.08054900421874167,4,Arizona,23.79138888888889,681.21,424.36000000000007,566.0301852623456,620.9552500000001,0.0,0.23502849596548148,0.15624828490262208
2023-04-07,28.3,26.21944444444445,0.0,12.8,0.0,20.55,0.0,26.1,0.0,0.0,0.9952176027737294,-0.09768276782171598,4,Arizona,26.21944444444445,800.89,681.21,687.4592669753089,742.0102777777779,0.0,0.3259305940565485,0.3076916744576204
2023-04-08,29.4,26.82615632509359,0.0,12.8,0.0,21.1,0.0,28.3,0.0,0.0,0.9933900548258936,-0.11478762552212701,4,Arizona,26.82615632509359,864.3599999999999,800.89,719.6426631783587,788.6889959577514,0.0,0.3847717524812518,0.41213825545779925
2023-04-09,31.7,28.617893028813327,0.0674122095338886,15.0,0.0,23.35,0.0,29.4,0.0,0.0,0.9912685467787256,-0.13185851571739118,4,Arizona,28.617893028813327,1004.89,864.3599999999999,818.9838014086024,907.1872090133825,0.06741220953388864,0.5469475894909164,0.4775493625777631
2023-04-10,36.7,32.96992626505744,0.2487469277107266,16.7,0.0,26.700000000000003,0.0,31.7,0.0,0.0,0.9888537064205885,-0.1488903868564548,4,Arizona,32.96992626505744,1346.89,1004.89,1087.0160379233243,1209.9962939276081,0.2487469277107266,1.0,0.6466668495255454
2023-04-11,37.2,33.76763707985165,0.2819848783271522,18.9,0.0,28.05,0.0,36.7,1.0,1.0,0.986146248341595,-0.16587819893463143,4,Arizona,33.76763707985165,1383.8400000000001,1346.89,1140.2533139565724,1256.1560993704816,0.2819848783271522,1.0,1.0
2023-04-12,33.3,33.13136993408938,0.255473747253724,17.8,0.0,25.549999999999997,0.0,37.2,2.0,2.0,0.9831469737221499,-0.1828169249850199,4,Arizona,33.13136993408938,1108.8899999999999,1383.8400000000001,1097.6876737094815,1103.2746188051763,0.25547374725372407,0.725257069129744,1.0
2023-04-13,28.3,29.47701097085567,0.1032087904523195,17.8,0.0,23.05,0.0,33.3,3.0,3.0,0.9798567700958665,-0.1997015525660636,4,Arizona,29.47701097085567,800.89,1108.8899999999999,868.8941757759455,834.1994104752155,0.10320879045231957,0.3113498440989325,0.7981274246813067
2023-04-14,26.1,26.297777777777785,0.0,14.4,0.0,20.25,0.0,28.3,2.0,3.0,0.9762766110869321,-0.21652708524481437,4,Arizona,26.297777777777785,681.21,800.89,691.5731160493831,686.3720000000002,0.0,0.15086184639735467,0.32657918307396644
2023-04-15,30.0,27.12052340901048,0.0050218087087698,15.0,0.0,22.5,0.0,26.1,1.0,3.0,0.9724075561219968,-0.23328854407545518,4,Arizona,27.12052340901048,900.0,681.21,735.5227899786855,813.6157022703144,0.005021808708770041,0.22229697715285976,0.18442960253625515
2023-04-16,32.2,29.28525801938051,0.0952190841408546,16.1,0.0,24.150000000000002,0.0,30.0,0.0,3.0,0.9682507501166718,-0.2499809690726521,4,Arizona,29.28525801938051,1036.8400000000001,900.0,857.6263372616905,942.9853082240525,0.0952190841408546,0.24672149730316723,0.25132506828998874
2023-04-17,33.3,29.58153001144398,0.1075637504768325,17.8,0.0,25.549999999999997,0.0,32.2,1.0,4.0,0.9638074231367307,-0.26659942067929354,4,Arizona,29.58153001144398,1108.8899999999999,1036.8400000000001,875.0669178179609,985.0649493810845,0.10756375047683253,0.2864336313506913,0.35568672660447803
2023-04-18,31.1,29.47701097085567,0.1032087904523195,17.2,0.0,24.15,0.0,33.3,2.0,4.0,0.9590788900341131,-0.28313898122818354,4,Arizona,29.47701097085567,967.21,1108.8899999999999,868.8941757759455,916.7350411936113,0.10320879045231957,0.2645164836614076,0.5320460476942587
2023-04-19,28.3,27.86179158031804,0.0359079825132517,17.8,0.0,23.05,0.0,31.1,2.0,3.0,0.9540665500578387,-0.2995947563972602,4,Arizona,27.86179158031804,800.89,967.21,776.2794300650813,788.4887017230005,0.0359079825132517,0.2096877899042863,0.4853348788849361
2023-04-20,30.0,26.760310774125497,0.0,15.0,0.0,22.5,0.0,28.3,1.0,2.0,0.9487718864399473,-0.31596187665790293,4,Arizona,26.760310774125497,900.0,800.89,716.1142327277771,802.8093232237649,0.0,0.2848053877953357,0.3259661543008461
2023-04-21,32.2,28.99208029431117,0.0830033455962988,16.1,0.0,24.150000000000002,0.0,30.0,0.0,2.0,0.9431964659565866,-0.33223549871590435,4,Arizona,28.99208029431117,1036.8400000000001,900.0,840.540719791786,933.5449854768198,0.0830033455962987,0.3207954254503734,0.3242079908618645
2023-04-22,34.4,30.95439772681781,0.1647665719507419,16.7,0.0,25.549999999999997,0.0,32.2,1.0,3.0,0.9373419384643772,-0.3484108069446808,4,Arizona,30.95439772681781,1183.36,1036.8400000000001,958.1747386300236,1064.8312818025327,0.16476657195074207,0.4801437240509667,0.45159570534592064
2023-04-23,35.6,31.402681356666942,0.1834450565277894,18.9,0.0,27.25,0.0,34.4,2.0,4.0,0.9312100364121947,-0.3644830148102912,4,Arizona,31.402681356666942,1267.3600000000001,1183.36,986.1283963883576,1117.9354562973433,0.18344505652778928,0.5536072326263484,0.6241798645428226
2023-04-24,33.3,31.402681356666942,0.1834450565277894,20.0,0.0,26.65,0.0,35.6,3.0,4.0,0.9248025743285089,-0.38044736628785164,4,Arizona,31.402681356666942,1108.8899999999999,1267.3600000000001,986.1283963883576,1045.7092891770092,0.18344505652778928,0.4984275671197492,0.8865193710291455
2023-04-25,33.3,30.47251621932445,0.1446881758051856,18.3,0.0,25.799999999999997,0.0,33.3,3.0,4.0,0.9181214482844364,-0.39629913726891813,4,Arizona,30.47251621932445,1108.8899999999999,1108.8899999999999,928.5742447369918,1014.7347901035041,0.14468817580518545,0.49449806048805456,0.6603904278016861
2023-04-26,32.2,29.994441151395577,0.124768381308149,17.2,0.0,24.700000000000003,0.0,33.3,3.0,5.0,0.9111686353326631,-0.41203363695942635,4,Arizona,29.994441151395577,1036.8400000000001,1108.8899999999999,899.6664999845324,965.8210050749377,0.12476838130814905,0.3115993870562546,0.535168537384827
2023-04-27,35.6,30.99226921537836,0.1663445506407649,18.9,0.0,27.25,0.0,32.2,3.0,6.0,0.9039461929224011,-0.42764620926777464,4,Arizona,30.99226921537836,1267.3600000000001,1036.8400000000001,960.5207511184892,1103.3247840674696,0.16634455064076503,0.41733202870117525,0.35959319425143377
2023-04-28,36.7,32.96992626505744,0.2487469277107266,19.4,0.0,28.05,0.0,35.6,3.0,7.0,0.8964562582905575,-0.44313223418263453,4,Arizona,32.96992626505744,1346.89,1267.3600000000001,1087.0160379233243,1209.9962939276081,0.2487469277107266,0.4040733617987001,0.4876814134956332
2023-04-29,37.2,32.5888907997203,0.2328704499883459,21.7,0.0,29.450000000000003,0.0,36.7,3.0,7.0,0.8887010478292915,-0.45848712914008766,4,Arizona,32.5888907997203,1383.8400000000001,1346.89,1062.0358035560946,1212.3067377495954,0.23287044998834597,0.4087482907429654,0.5802682107605001
2023-04-30,38.9,34.23273655402051,0.301364023084188,21.1,0.0,30.0,0.0,37.2,3.0,7.0,0.8806828564301475,-0.47370635037968,4,Arizona,34.23273655402051,1513.2099999999998,1383.8400000000001,1171.8802519769722,1331.653451951398,0.301364023084188,0.5797168878866101,0.6269358753274006
2023-05-01,35.0,33.913222477667645,0.2880509365694852,22.2,0.0,28.6,0.0,38.9,3.0,7.0,0.8724040568049612,-0.48878539428899265,5,Arizona,33.913222477667645,1225.0,1513.2099999999998,1150.106658819782,1186.9627867183676,0.2880509365694852,0.295382881517086,0.805254303964477
2023-05-02,33.3,30.747636229061445,0.1561515095442268,18.9,0.0,26.099999999999998,0.0,35.0,3.0,7.0,0.8638670987837349,-0.503719798736334,5,Arizona,30.747636229061445,1108.8899999999999,1225.0,945.417133674692,1023.8962864277461,0.15615150954422688,0.1947492710994153,0.4435173445532038
2023-05-03,31.7,29.53534540681781,0.1056393919507422,20.0,0.0,25.85,0.0,33.3,3.0,7.0,0.8550745085896932,-0.518505144391157,5,Arizona,29.53534540681781,1004.89,1108.8899999999999,872.3366283000339,936.2704493961246,0.10563939195074212,0.13420060094903943,0.336475349782671
2023-05-04,28.3,28.67405660348446,0.0697523584785191,17.8,0.0,23.05,0.0,31.7,2.0,6.0,0.8460288880917339,-0.533137056031809,5,Arizona,28.67405660348446,800.89,1004.89,822.2015220998308,811.4758018786102,0.06975235847851913,0.07109690752075883,0.2582425642264703
2023-05-05,27.8,26.56073681420451,0.0,16.1,0.0,21.950000000000003,0.0,28.3,1.0,5.0,0.8367329140344921,-0.5476112038402312,5,Arizona,26.56073681420451,772.84,800.89,705.4727401134388,738.3884834348854,0.0,0.06237369672404564,0.1498948702881239
2023-05-06,30.6,27.310249140015596,0.0129270475006496,16.7,0.0,23.65,0.0,27.8,0.0,4.0,0.8271893372462497,-0.5619233046832195,5,Arizona,27.310249140015596,936.3600000000001,772.84,745.8497080897226,835.6936236844773,0.012927047500649843,0.10784925436907551,0.13832518040660788
2023-05-07,32.2,29.809894232673937,0.117078926361414,17.2,0.0,24.700000000000003,0.0,30.6,0.0,3.0,0.8174009818249189,-0.5760691233798758,5,Arizona,29.809894232673937,1036.8400000000001,936.3600000000001,888.6297941632068,959.8785942921008,0.11707892636141404,0.21921337592814355,0.27807073600527143
2023-05-08,33.9,30.45215582931558,0.1438398262214824,18.3,0.0,26.1,0.0,32.2,1.0,3.0,0.8073707443023492,-0.5900444739548627,5,Arizona,30.45215582931558,1149.2099999999998,1036.8400000000001,927.3337946529188,1032.3280826137982,0.14383982622148248,0.3924172201051325,0.4542195347548814
2023-05-09,33.9,30.747636229061445,0.1561515095442268,19.4,0.0,26.65,0.0,33.9,2.0,3.0,0.7971015927871943,-0.6038452208771035,5,Arizona,30.747636229061445,1149.2099999999998,1149.2099999999998,945.417133674692,1042.344868165183,0.15615150954422688,0.5024720968430639,0.716123554112663
2023-05-10,27.2,30.189251617214715,0.1328854840506131,18.9,0.0,23.049999999999997,0.0,33.9,3.0,3.0,0.7865965660866021,-0.6174672802835514,5,Arizona,30.189251617214715,739.8399999999999,1149.2099999999998,911.3909132075013,821.1476439882402,0.13288548405061315,0.22528893446692774,0.8637155627550932
2023-05-11,32.2,28.90615223644336,0.0794230098518067,16.7,0.0,24.450000000000003,0.0,27.2,2.0,3.0,0.7758587728069828,-0.6309066211876704,5,Arizona,28.90615223644336,1036.8400000000001,739.8399999999999,835.5656371164396,930.7781020134763,0.07942300985180673,0.3889776875557987,0.28304172352621587
2023-05-12,36.1,31.75670158888891,0.1981958995370378,18.9,0.0,27.5,0.0,32.2,2.0,4.0,0.7648913904341225,-0.6441592666722685,5,Arizona,31.75670158888891,1303.21,1036.8400000000001,1008.4880958057394,1146.4169273588896,0.19819589953703787,0.5642117182900449,0.4565580602844227
2023-05-13,37.8,32.925675348217084,0.2469031395090451,21.7,0.0,29.75,0.0,36.1,2.0,5.0,0.753697664392914,-0.6572212950663319,5,Arizona,32.925675348217084,1428.8399999999997,1303.21,1084.1000971361902,1244.5905281626058,0.24690313950904516,0.5573823626355168,0.6537168390125047
2023-05-14,38.3,34.97673137667397,0.3323638073614153,22.8,0.0,30.549999999999997,0.0,37.8,3.0,6.0,0.742280907086982,-0.6700888411055113,5,Arizona,34.97673137667397,1466.8899999999999,1428.8399999999997,1223.3717377960093,1339.6088117266129,0.3323638073614153,0.6449406825694719,0.8323632498897346
2023-05-15,39.4,35.88723762042444,0.3703015675176851,25.6,0.0,32.5,0.0,38.3,3.0,6.0,0.7306444969184916,-0.6827580970759147,5,Arizona,35.88723762042444,1552.36,1466.8899999999999,1287.8938240248074,1413.9571622447231,0.3703015675176851,0.7477060760929708,0.8893904937957224
2023-05-16,40.6,37.56267465555558,0.4401114439814826,27.8,0.0,34.2,0.0,39.4,3.0,6.0,0.7187918772884232,-0.6952253139408722,5,Arizona,37.56267465555558,1648.3600000000001,1552.36,1410.9545272791177,1525.0445910155568,0.4401114439814826,0.896422905300812,1.0
2023-05-17,38.9,36.10281825844337,0.3792840941018071,25.6,0.0,32.25,0.0,40.6,3.0,6.0,0.7067265555776158,-0.7074868024503348,5,Arizona,36.10281825844337,1513.2099999999998,1648.3600000000001,1303.413486202192,1404.3996302534472,0.37928409410180713,0.6962266719003627,1.0
2023-05-18,37.8,35.82361426145781,0.3676505942274088,23.9,0.0,30.849999999999998,0.0,38.9,3.0,7.0,0.6944521021088763,-0.719538934232584,5,Arizona,35.82361426145781,1428.8399999999997,1513.2099999999998,1283.3313387537237,1354.1326190831053,0.36765059422740887,0.47665388923088536,0.8095590668088343
2023-05-19,34.4,34.3109368188178,0.3046223674507417,22.8,0.0,28.6,0.0,37.8,3.0,7.0,0.6819721490904629,-0.7313781428679254,5,Arizona,34.3109368188178,1183.36,1428.8399999999997,1177.240385384907,1180.2962265673323,0.3046223674507417,0.24778445588810602,0.690807888298659
2023-05-20,36.7,34.43261115769557,0.3096921315706487,21.1,0.0,28.900000000000002,0.0,34.4,3.0,7.0,0.6692903895412567,-0.7430009249440493,5,Arizona,34.43261115769557,1346.89,1183.36,1185.6047111370613,1263.6768294874275,0.3096921315706487,0.391201329884085,0.40544687628225223
2023-05-21,38.3,34.60233562131555,0.3167639842214811,23.9,0.0,31.099999999999998,0.0,36.7,3.0,7.0,0.6564105761979381,-0.7544038410927472,5,Arizona,34.60233562131555,1466.8899999999999,1346.89,1197.3216304501627,1325.2694542963854,0.3167639842214811,0.4794545586684804,0.5849753616160228
2023-05-22,39.4,35.4843615147058,0.3535150631127415,25.6,0.0,32.5,0.0,38.3,3.0,7.0,0.6433365204044917,-0.765583517007675,5,Arizona,35.4843615147058,1552.36,1466.8899999999999,1259.1399121063344,1398.0838436794086,0.3535150631127418,0.5730759481959358,0.7442008905881716
2023-05-23,38.9,34.95784063574885,0.3315766931562021,23.9,0.0,31.4,0.0,39.4,3.0,7.0,0.6300720909843687,-0.7765366444428655,5,Arizona,34.95784063574885,1513.2099999999998,1552.36,1222.0506219144138,1359.8600007306302,0.33157669315620214,0.5212412800423566,0.8687910829974508
2023-05-24,37.8,34.41081126292361,0.308783802621817,23.3,0.0,30.549999999999997,0.0,38.9,3.0,7.0,0.6166212130956382,-0.7872599821916922,5,Arizona,34.41081126292361,1428.8399999999997,1513.2099999999998,1184.1039317725504,1300.7286657385123,0.30878380262181704,0.42851586340474584,0.8111950627528033
2023-05-25,37.8,33.58698929119677,0.2744578871331988,22.8,0.0,30.299999999999997,0.0,37.8,3.0,7.0,0.6029878670694714,-0.7977503570459932,5,Arizona,33.58698929119677,1428.8399999999997,1428.8399999999997,1128.0858496469666,1269.588195207238,0.27445788713319885,0.41214607063657727,0.6923352435154297
2023-05-26,37.2,33.259325929940374,0.2608052470808489,22.2,0.0,29.700000000000003,0.0,37.8,3.0,7.0,0.5891760872322963,-0.8080046647350754,5,Arizona,33.259325929940374,1383.8400000000001,1428.8399999999997,1106.1827613140042,1237.246924593782,0.2608052470808489,0.36761679251374246,0.6925930551311494
2023-05-27,37.2,33.13136993408938,0.255473747253724,21.7,0.0,29.450000000000003,0.0,37.2,3.0,7.0,0.5751899607119775,-0.8180198708443174,5,Arizona,33.13136993408938,1383.8400000000001,1383.8400000000001,1097.6876737094815,1232.486961548125,0.25547374725372407,0.36771432537992066,0.6331281954942902
2023-05-28,38.3,33.41755224122638,0.2673980100510992,21.7,0.0,30.0,0.0,37.2,3.0,7.0,0.5610336262283677,-0.8277930117131022,5,Arizona,33.41755224122638,1466.8899999999999,1383.8400000000001,1116.7327977950943,1279.8922508389703,0.26739801005109926,0.44539321959749406,0.6333748480241214
2023-05-29,38.3,34.33011970685568,0.3054216544523198,22.8,0.0,30.549999999999997,0.0,38.3,3.0,7.0,0.5467112728685939,-0.8373211953118121,5,Arizona,34.33011970685568,1466.8899999999999,1466.8899999999999,1178.557119087041,1314.8435847725725,0.3054216544523201,0.45760721520714764,0.7460708929678284
2023-05-30,37.8,33.58698929119677,0.2744578871331988,23.3,0.0,30.549999999999997,0.0,38.3,3.0,7.0,0.5322271388474397,-0.8466016020976267,5,Arizona,33.58698929119677,1428.8399999999997,1466.8899999999999,1128.0858496469666,1269.588195207238,0.27445788713319885,0.39920224723470865,0.7463407080562066
2023-05-31,34.4,33.41755224122638,0.2673980100510992,21.1,0.0,27.75,0.0,37.8,3.0,7.0,0.5175855102531889,-0.8556314858488706,5,Arizona,33.41755224122638,1183.36,1428.8399999999997,1116.7327977950943,1149.5637970981875,0.26739801005109926,0.22622240515793277,0.6938915045027715
2023-06-01,33.3,30.45215582931558,0.1438398262214824,20.6,0.0,26.95,0.0,34.4,3.0,7.0,0.5027907197793043,-0.8644081744776648,6,Arizona,30.45215582931558,1108.8899999999999,1183.36,927.3337946529188,1014.0567891162087,0.14383982622148248,0.15899925844733043,0.4076219410984993
2023-06-02,35.0,30.892880994515604,0.1622033747714835,23.3,0.0,29.15,0.0,33.3,3.0,7.0,0.4878471454423119,-0.8729290708206411,6,Arizona,30.892880994515604,1225.0,1108.8899999999999,954.3700961413034,1081.2508348080462,0.1622033747714835,0.2148248448800078,0.3409981520131263
2023-06-03,38.9,34.97673137667397,0.3323638073614153,23.9,0.0,31.4,0.0,35.0,3.0,7.0,0.47275920928627757,-0.881191653407483,6,Arizona,34.97673137667397,1513.2099999999998,1225.0,1223.3717377960093,1360.5948505526173,0.3323638073614153,0.5179081306538381,0.449486062773419
2023-06-04,40.6,36.77837786184537,0.4074324109102238,25.0,0.0,32.8,0.0,38.9,3.0,7.0,0.4575313760742512,-0.8891934772070711,6,Arizona,36.77837786184537,1648.3600000000001,1513.2099999999998,1352.6490781486777,1493.202141190922,0.4074324109102238,0.6972670730822293,0.8142683747143774
2023-06-05,41.7,35.97145980508053,0.3738108252116887,25.6,0.0,33.650000000000006,0.0,40.6,3.0,7.0,0.44216815196707204,-0.8969321743510065,6,Arizona,35.97145980508053,1738.8900000000003,1648.3600000000001,1293.945920508524,1500.0098738718582,0.3738108252116887,0.751298131198142,1.0
2023-06-06,38.3,35.68363214820629,0.3618180061752622,22.8,0.0,30.549999999999997,0.0,41.7,3.0,7.0,0.42667408318992467,-0.9044054548343001,6,Arizona,35.68363214820629,1466.8899999999999,1738.8900000000003,1273.3216032885016,1366.683111276301,0.3618180061752622,0.47083886080805637,1.0
2023-06-07,36.7,32.93904945499474,0.247460393958114,20.6,0.0,28.650000000000002,0.0,38.3,3.0,7.0,0.4110537546870351,-0.9116111071930239,6,Arizona,32.93904945499474,1346.89,1466.8899999999999,1084.980978998589,1208.8631149983069,0.24746039395811406,0.32148621419270346,0.7485079865993182
2023-06-08,36.7,31.993099383378382,0.2080458076407659,21.7,0.0,29.200000000000003,0.0,36.7,3.0,7.0,0.3953117887649151,-0.9185469991587165,6,Arizona,31.993099383378382,1346.89,1346.89,1023.5584081547262,1174.1467473699868,0.20804580764076594,0.30140158212111434,0.5892200624570003
2023-06-09,36.1,31.855612279091083,0.2023171782954618,22.2,0.0,29.15,0.0,36.7,3.0,7.0,0.37945284372454435,-0.925211078289358,6,Arizona,31.855612279091083,1303.21,1346.89,1014.7800336757786,1149.9876032751881,0.2023171782954618,0.2658573004894671,0.5894574174237207
2023-06-10,38.3,33.78933823319743,0.2828890930498928,22.8,0.0,30.549999999999997,0.0,36.1,3.0,7.0,0.36348161248290634,-0.9316013725767187,6,Arizona,33.78933823319743,1466.8899999999999,1303.21,1141.7193782374175,1294.1316543314613,0.2828890930498928,0.4317056628449736,0.5370662664521356
2023-06-11,35.6,33.78933823319743,0.2828890930498928,22.8,0.0,29.200000000000003,0.0,38.3,3.0,7.0,0.3474028211842774,-0.9377159910299093,6,Arizona,33.78933823319743,1267.3600000000001,1466.8899999999999,1141.7193782374175,1202.9004411018284,0.2828890930498928,0.2666818151161719,0.7495891228524393
2023-06-12,33.9,31.771905461075605,0.1988293942114835,21.7,0.0,27.799999999999997,0.0,35.6,3.0,7.0,0.3312212278016865,-0.9435531242349544,6,Arizona,31.771905461075605,1149.2099999999998,1267.3600000000001,1009.4539766275258,1077.067595130463,0.19882939421148352,0.1783668343857217,0.49667759792575117
2023-06-13,35.6,33.0933687999645,0.2538903666651875,23.3,0.0,29.450000000000003,0.0,33.9,3.0,7.0,0.31494162072895193,-0.9491110448902284,6,Arizona,33.0933687999645,1267.3600000000001,1149.2099999999998,1095.1710585304638,1178.1239292787363,0.25389036666518755,0.261363244539617,0.377906130089431
2023-06-14,38.3,34.16256487321474,0.2984402030506142,23.3,0.0,30.799999999999997,0.0,35.6,3.0,7.0,0.2985688173637202,-0.9543881083175908,6,Arizona,34.16256487321474,1466.8899999999999,1267.3600000000001,1167.0808387166057,1308.4262346441244,0.2984402030506142,0.4349657775734998,0.49709781660421026
2023-06-15,38.3,34.16256487321474,0.2984402030506142,25.0,0.0,31.65,0.0,38.3,3.0,7.0,0.2821076626819194,-0.9593827529490743,6,Arizona,34.16256487321474,1466.8899999999999,1466.8899999999999,1167.0808387166057,1308.4262346441244,0.2984402030506142,0.4142687949472449,0.7506617456605609
2023-06-16,40.0,34.41081126292361,0.308783802621817,24.4,0.0,32.2,0.0,38.3,3.0,7.0,0.26556302780405594,-0.9640935007889755,6,Arizona,34.41081126292361,1600.0,1466.8899999999999,1184.1039317725504,1376.4324505169443,0.30878380262181704,0.5497402558594509,0.7509279722656077
2023-06-17,41.1,36.44696577746111,0.3936235740608795,24.4,0.0,32.75,0.0,40.0,3.0,7.0,0.24893980855376657,-0.9685189578512204,6,Arizona,36.44696577746111,1689.21,1600.0,1328.3813143834213,1497.9702934536517,0.39362357406087956,0.7062704102650589,0.9481193282738478
2023-06-18,42.8,38.056061849571584,0.4606692437321493,25.6,0.0,34.2,0.0,41.1,3.0,7.0,0.23224292400907015,-0.9726578145718654,6,Arizona,38.056061849571584,1831.8399999999997,1689.21,1448.2638434984178,1628.7994471616637,0.46066924373214935,0.9106649181239796,1.0
2023-06-19,40.6,36.7539235721255,0.4064134821718959,25.6,0.0,33.1,0.0,42.8,3.0,7.0,0.21547731504673012,-0.976508846196619,6,Arizona,36.7539235721255,1648.3600000000001,1831.8399999999997,1350.8508979456426,1492.2092970282954,0.4064134821718959,0.6496176111647637,1.0
2023-06-20,40.6,36.2977330401764,0.3874055433406831,27.2,0.0,33.9,0.0,40.6,3.0,7.0,0.19864794288017112,-0.9800709131432666,6,Arizona,36.2977330401764,1648.3600000000001,1648.3600000000001,1317.5254238559132,1473.6879614311617,0.38740554334068317,0.6290848085654873,1.0
2023-06-21,42.8,35.97145980508053,0.3738108252116887,25.0,0.0,33.9,0.0,40.6,3.0,7.0,0.18175978759137534,-0.9833429613388902,6,Arizona,35.97145980508053,1831.8399999999997,1648.3600000000001,1293.945920508524,1539.5784796574465,0.3738108252116887,0.8295594516080691,1.0
2023-06-22,42.8,35.75429393555692,0.3647622473148715,25.0,0.0,33.9,0.0,42.8,3.0,7.0,0.16481784665719793,-0.9863240225317866,6,Arizona,35.75429393555692,1831.8399999999997,1831.8399999999997,1278.3695348302026,1530.2837804418361,0.3647622473148718,0.8099750628314752,1.0
2023-06-23,39.4,36.078783897448574,0.3782826623936905,25.0,0.0,32.2,0.0,42.8,3.0,7.0,0.14782713347053048,-0.9890132145779883,6,Arizona,36.078783897448574,1552.36,1831.8399999999997,1301.6786475187946,1421.5040855594737,0.37828266239369057,0.5250239536587603,1.0
2023-06-24,41.1,35.507429541691806,0.3544762309038252,22.2,0.0,31.65,0.0,39.4,3.0,7.0,0.13079267585675922,-0.9914097417023038,6,Arizona,35.507429541691806,1689.21,1552.36,1260.777552658208,1459.3553541635333,0.35447623090382524,0.6808539840876047,0.8778706980779977
2023-06-25,43.9,37.78921718818359,0.449550716174316,25.6,0.0,34.75,0.0,41.1,3.0,7.0,0.11371951458594969,-0.9935128947338007,6,Arizona,37.78921718818359,1927.2099999999998,1689.21,1428.0249356957102,1658.9466345612595,0.44955071617431636,0.9897423243920732,1.0
2023-06-26,44.4,38.5380105794407,0.4807504408100292,27.2,0.0,35.8,0.0,43.9,3.0,7.0,0.0966127018812031,-0.9953220513156602,6,Arizona,38.5380105794407,1971.36,1927.2099999999998,1485.1782594210833,1711.0876697271672,0.4807504408100292,1.0,1.0
2023-06-27,43.9,38.24347779309106,0.4684782413787942,27.2,0.0,35.55,0.0,44.4,3.0,7.0,0.07947729992362097,-0.9968366760893436,6,Arizona,38.24347779309106,1927.2099999999998,1971.36,1462.563593710649,1678.8886751166974,0.4684782413787942,0.9801366640328887,1.0
2023-06-28,42.2,38.13743743701045,0.4640598932087686,26.7,0.0,34.45,0.0,43.9,3.0,7.0,0.062318379354325076,-0.998056320853012,6,Arizona,38.13743743701045,1780.8400000000001,1927.2099999999998,1454.464134261886,1609.399859841841,0.46405989320876867,0.8253330176273479,1.0
2023-06-29,42.2,38.14720303506085,0.4644667931275353,25.6,0.0,33.900000000000006,0.0,42.2,3.0,7.0,0.04514101777397193,-0.9989806246941579,6,Arizona,38.14720303506085,1780.8400000000001,1780.8400000000001,1455.2090993981556,1609.8119680795678,0.4644667931275353,0.8407201431272004,1.0
2023-06-30,43.3,37.50696147759426,0.4377900615664274,25.6,0.0,34.45,0.0,42.2,3.0,7.0,0.02795029824021032,-0.999609314096404,6,Arizona,37.50696147759426,1874.8899999999996,1780.8400000000001,1406.7721592817397,1624.0514319798312,0.43779006156642747,0.9143105536390069,1.0
2023-07-01,45.6,40.5794767777778,0.5658115324074083,27.2,0.0,36.4,0.0,43.3,3.0,7.0,0.01075130776352193,-0.9999422030204416,7,Arizona,40.5794767777778,2079.36,1874.8899999999996,1646.6939355582076,1850.4241410666677,0.5658115324074083,1.0,1.0
2023-07-02,46.1,41.09341815380446,0.587225756408519,30.0,0.0,38.05,0.0,45.6,3.0,7.0,-0.00645086419810515,-0.9999791929590823,7,Arizona,41.09341815380446,2125.21,2079.36,1688.6690155634258,1894.4065768903856,0.587225756408519,1.0,1.0
2023-07-03,46.7,41.4998821874378,0.6041617578099082,30.6,0.0,38.650000000000006,0.0,46.1,3.0,7.0,-0.023651127245231586,-0.9997202729664083,7,Arizona,41.4998821874378,2180.8900000000003,2125.21,1722.240221571217,1938.0444981533453,0.6041617578099082,1.0,1.0
2023-07-04,45.0,41.4998821874378,0.6041617578099082,31.7,0.0,38.35,0.0,46.7,3.0,7.0,-0.04084439154329611,-0.9991655196610109,7,Arizona,41.4998821874378,2025.0,2180.8900000000003,1722.240221571217,1867.494698434701,0.6041617578099082,1.0,1.0
2023-07-05,43.9,39.46782454176862,0.5194926892403592,31.7,0.0,37.8,0.0,45.0,3.0,7.0,-0.05802556932878035,-0.9983150972033183,7,Arizona,39.46782454176862,1927.2099999999998,2025.0,1557.7091740598335,1732.6374973836423,0.5194926892403592,0.9885975706109756,1.0
2023-07-06,46.1,41.3147295777778,0.5964470657407416,29.4,0.0,37.75,0.0,43.9,3.0,7.0,-0.07518957641475855,-0.9971692572470178,7,Arizona,41.3147295777778,2125.21,1927.2099999999998,1706.9068800849075,1904.6090335355566,0.5964470657407416,1.0,1.0
2023-07-07,44.4,40.69715858094488,0.5707149408727034,30.0,0.0,37.2,0.0,46.1,3.0,7.0,-0.09233133369539122,-0.9957283388645872,7,Arizona,40.69715858094488,1971.36,2125.21,1656.2587165625755,1806.9538409939526,0.5707149408727034,1.0,1.0
2023-07-08,45.0,40.34565189682806,0.5560688290345025,30.0,0.0,37.5,0.0,44.4,3.0,7.0,-0.10944576864891556,-0.993992768446958,7,Arizona,40.34565189682806,2025.0,1971.36,1627.7716269800255,1815.5543353572627,0.5560688290345025,1.0,1.0
2023-07-09,44.4,39.75828745440933,0.5315953106003887,31.7,0.0,38.05,0.0,45.0,3.0,7.0,-0.12652781683868314,-0.9919630595773397,7,Arizona,39.75828745440933,1971.36,2025.0,1580.7214213074421,1765.267962975774,0.5315953106003887,1.0,1.0
2023-07-10,43.3,40.72266417601779,0.5717776740007411,32.8,0.0,38.05,0.0,44.4,3.0,7.0,-0.1435724234118113,-0.9896398128792412,7,Arizona,40.72266417601779,1874.8899999999996,1971.36,1658.3353775927224,1763.2913588215702,0.5717776740007411,0.9806812230830593,1.0
2023-07-11,43.9,44.05513152055117,0.7106304800229651,32.8,0.0,38.349999999999994,0.0,43.3,3.0,7.0,-0.16057454459499376,-0.9870237158387383,7,Arizona,44.05513152055117,1927.2099999999998,1874.8899999999996,1940.8546132930614,1934.0202737521963,0.7106304800229655,1.0,1.0
2023-07-12,43.9,43.58821889175118,0.6911757871562992,34.4,0.0,39.15,0.0,43.9,3.0,7.0,-0.17752914918703497,-0.984115542601034,7,Arizona,43.58821889175118,1927.2099999999998,1927.2099999999998,1899.9328261552148,1913.5228093478768,0.6911757871562992,1.0,1.0
2023-07-13,45.6,44.45305567777783,0.7272106532407427,35.0,0.0,40.3,0.0,43.9,3.0,7.0,-0.19443122004766195,-0.9809161537413774,7,Arizona,44.45305567777783,2079.36,1927.2099999999998,1976.0741590916161,2027.0593389066692,0.7272106532407431,1.0,1.0
2023-07-14,46.7,44.7516790839645,0.7396532951651876,33.9,0.0,40.3,0.0,45.6,3.0,7.0,-0.2112757555821793,-0.9774264960104055,7,Arizona,44.7516790839645,2180.8900000000003,2079.36,2002.7127808341454,2089.9034132211423,0.7396532951651874,1.0,1.0
2023-07-15,47.8,45.10471049735117,0.7543629373896318,33.3,0.0,40.55,0.0,46.7,3.0,7.0,-0.2280577712215198,-0.9736476020539838,7,Arizona,45.10471049735117,2284.8399999999997,2180.8900000000003,2034.4349090498608,2156.0051617733857,0.7543629373896321,1.0,1.0
2023-07-16,45.6,45.373590268771125,0.7655662611987969,34.4,0.0,40.0,0.0,47.8,3.0,7.0,-0.24477230089725957,-0.9695805901076308,7,Arizona,45.373590268771125,2079.36,2284.8399999999997,2058.762693878322,2069.0357162559635,0.7655662611987969,1.0,1.0
2023-07-17,46.7,46.00463233033776,0.7918596804307402,35.0,0.0,40.85,0.0,45.6,3.0,7.0,-0.2614143985111562,-0.965226663665613,7,Arizona,46.00463233033776,2180.8900000000003,2079.36,2116.4261958495586,2148.4163298267736,0.7918596804307402,1.0,1.0
2023-07-18,47.8,45.6544994825156,0.7772708117714832,34.4,0.0,41.099999999999994,0.0,46.7,3.0,7.0,-0.2779791393987801,-0.9605871111248129,7,Arizona,45.6544994825156,2284.8399999999997,2180.8900000000003,2084.3333229990167,2182.2850752642453,0.7772708117714832,1.0,1.0
2023-07-19,48.3,46.45955522999117,0.810814801249632,36.1,0.0,42.2,0.0,47.8,3.0,7.0,-0.2944616217868012,-0.9556633054034704,7,Arizona,46.45955522999117,2332.89,2284.8399999999997,2158.4902721686,2243.9965176085734,0.810814801249632,1.0,1.0
2023-07-20,48.3,45.82033898135112,0.7841807908896298,33.9,0.0,41.099999999999994,0.0,48.3,3.0,7.0,-0.3108569682435036,-0.9504567035349151,7,Arizona,45.82033898135112,2332.89,2332.89,2099.503464365925,2213.122372799259,0.78418079088963,1.0,1.0
2023-07-21,47.2,45.42689603955558,0.7677873349814824,33.3,0.0,40.25,0.0,48.3,3.0,7.0,-0.3271603271220951,-0.9449688462364056,7,Arizona,45.42689603955558,2227.84,2332.89,2063.6028837885906,2144.1494930670233,0.7677873349814824,1.0,1.0
2023-07-22,47.8,44.514726572151154,0.7297802738396314,35.6,0.0,41.7,0.0,47.2,3.0,7.0,-0.34336687399638804,-0.939201357453208,7,Arizona,44.514726572151154,2284.8399999999997,2227.84,1981.56088179338,2127.803930148825,0.7297802738396314,1.0,1.0
2023-07-23,45.6,44.45305567777783,0.7272106532407427,33.3,0.0,39.45,0.0,47.8,3.0,7.0,-0.3594718130884232,-0.9331559438780432,7,Arizona,44.45305567777783,2079.36,2284.8399999999997,1976.0741590916161,2027.0593389066692,0.7272106532407431,1.0,1.0
2023-07-24,46.7,45.42885352866446,0.7678688970276859,34.4,0.0,40.55,0.0,45.6,3.0,7.0,-0.3754703786876202,-0.9268343944460494,7,Arizona,45.42885352866446,2180.8900000000003,2079.36,2063.7807329288494,2121.5274597886305,0.7678688970276859,1.0,1.0
2023-07-25,48.3,45.10471049735117,0.7543629373896318,33.9,0.0,41.099999999999994,0.0,46.7,3.0,7.0,-0.3913578365610259,-0.9202385798054075,7,Arizona,45.10471049735117,2332.89,2180.8900000000003,2034.4349090498608,2178.5575170220613,0.7543629373896321,1.0,1.0
2023-07-26,47.8,46.95023649132447,0.8312598538051862,31.1,0.0,39.45,0.0,48.3,3.0,7.0,-0.4071294853542516,-0.9133704517637858,7,Arizona,46.95023649132447,2284.8399999999997,2332.89,2204.3247065912956,2244.2213042853095,0.8312598538051862,1.0,1.0
2023-07-27,46.1,45.10471049735117,0.7543629373896318,31.7,0.0,38.9,0.0,47.8,3.0,7.0,-0.4227806579826773,-0.9062320427107697,7,Arizona,45.10471049735117,2125.21,2284.8399999999997,2034.4349090498608,2079.327153927889,0.7543629373896321,1.0,1.0
2023-07-28,46.7,45.42885352866446,0.7678688970276859,33.9,0.0,40.3,0.0,46.1,3.0,7.0,-0.4383067230125192,-0.898825465016444,7,Arizona,45.42885352866446,2180.8900000000003,2125.21,2063.7807329288494,2121.5274597886305,0.7678688970276859,1.0,1.0
2023-07-29,46.1,44.973126555555616,0.7488802731481506,35.0,0.0,40.55,0.0,46.7,3.0,7.0,-0.45370308603134424,-0.8911529104063088,7,Arizona,44.973126555555616,2125.21,2180.8900000000003,2022.5821121820218,2073.261134211114,0.7488802731481506,1.0,1.0
2023-07-30,44.4,44.45305567777783,0.7272106532407427,33.9,0.0,39.15,0.0,46.1,3.0,7.0,-0.46896519100763184,-0.8832166493127127,7,Arizona,44.45305567777783,1971.36,2125.21,1976.0741590916161,1973.7156720933358,0.7272106532407431,1.0,1.0
2023-07-31,42.2,43.40066278201559,0.6833609492506495,28.3,0.0,35.25,0.0,44.4,3.0,7.0,-0.48408852163897587,-0.8750190302029955,7,Arizona,43.40066278201559,1780.8400000000001,1971.36,1883.617529918233,1831.5079694010578,0.6833609492506495,1.0,1.0
2023-08-01,42.8,43.1374326816356,0.6723930284014834,30.0,0.0,36.4,0.0,42.2,3.0,7.0,-0.4990686026885319,-0.8665624788845385,8,Arizona,43.1374326816356,1831.8399999999997,1780.8400000000001,1860.8380983626432,1846.2821187740037,0.6723930284014834,1.0,1.0
2023-08-02,43.9,42.56556114769562,0.6485650478206507,33.9,0.0,38.9,0.0,42.8,3.0,7.0,-0.5139010013093103,-0.8578494977869301,8,Arizona,42.56556114769562,1927.2099999999998,1831.8399999999997,1811.8269958182148,1868.6281343838375,0.6485650478206507,1.0,1.0
2023-08-03,45.0,42.15065930281781,0.6312774709507423,33.3,0.0,39.15,0.0,43.9,3.0,7.0,-0.5285813283559292,-0.8488826652214553,8,Arizona,42.15065930281781,2025.0,1927.2099999999998,1776.6780796622213,1896.7796686268014,0.6312774709507419,1.0,1.0
2023-08-04,46.1,41.066113634466106,0.5860880681027544,30.6,0.0,38.35,0.0,45.0,3.0,7.0,-0.5431052396834317,-0.8396646346181327,8,Arizona,41.066113634466106,2125.21,2025.0,1686.425689038883,1893.1478385488876,0.5860880681027544,1.0,1.0
2023-08-05,46.7,41.55823374068447,0.6065930725285197,32.2,0.0,39.45,0.0,46.1,3.0,7.0,-0.5574684374327892,-0.8301981337405212,8,Arizona,41.55823374068447,2180.8900000000003,2125.21,1727.0867916453653,1940.769515689965,0.6065930725285197,1.0,1.0
2023-08-06,45.6,44.353048125384426,0.7230436718910177,32.2,0.0,38.900000000000006,0.0,46.7,3.0,7.0,-0.5716666713027052,-0.8204859638785327,8,Arizona,44.353048125384426,2079.36,2180.8900000000003,1967.1928780126668,2022.4989945175298,0.7230436718910177,1.0,1.0
2023-08-07,43.9,46.20951770967109,0.8003965712362954,32.8,0.0,38.349999999999994,0.0,45.6,3.0,7.0,-0.5856957398073508,-0.8105309990194823,8,Arizona,46.20951770967109,1927.2099999999998,2079.36,2135.319526960406,2028.5978274545607,0.8003965712362954,1.0,1.0
2023-08-08,43.3,44.88822239935119,0.7453425999729664,28.9,0.0,36.099999999999994,0.0,43.9,3.0,7.0,-0.5995514915196489,-0.8003361849976323,8,Arizona,44.88822239935119,1874.8899999999996,1927.2099999999998,2014.9525101736142,1943.6600298919066,0.7453425999729664,1.0,1.0
2023-08-09,43.9,44.39060321205115,0.7246084671687978,32.2,0.0,38.05,0.0,43.3,3.0,7.0,-0.6132298262997502,-0.7899045386224707,8,Arizona,44.39060321205115,1927.2099999999998,1874.8899999999996,1970.5256535297656,1948.7474810090453,0.7246084671687978,1.0,1.0
2023-08-10,42.8,42.70277289020449,0.6542822037585205,32.8,0.0,37.8,0.0,43.9,3.0,7.0,-0.6267266965083301,-0.7792391467859886,8,Arizona,42.70277289020449,1831.8399999999997,1927.2099999999998,1823.5268125123837,1827.6786797007521,0.6542822037585205,1.0,1.0
2023-08-11,42.2,40.94124777747562,0.5808853240614843,31.7,0.0,36.95,0.0,42.8,3.0,7.0,-0.6400381082043503,-0.7683431655492202,8,Arizona,40.94124777747562,1780.8400000000001,1831.8399999999997,1676.185769576652,1727.7206562094711,0.5808853240614841,0.9128108051647082,1.0
2023-08-12,42.2,40.38496398732446,0.5577068328051858,31.7,0.0,36.95,0.0,42.2,3.0,7.0,-0.65316012232693,-0.7572198192083127,8,Arizona,40.38496398732446,1780.8400000000001,1780.8400000000001,1630.9453162574937,1704.2454802650923,0.5577068328051858,0.8913601539653534,1.0
2023-08-13,43.3,40.75884306905781,0.5732851278774085,31.1,0.0,37.2,0.0,42.2,3.0,7.0,-0.666088855860977,-0.7458723993404063,8,Arizona,40.75884306905781,1874.8899999999996,1780.8400000000001,1661.2832883280819,1764.8579048902031,0.5732851278774088,1.0,1.0
2023-08-14,41.1,38.79361457499559,0.4914006072914827,32.2,0.0,36.650000000000006,0.0,43.3,3.0,7.0,-0.6788204829862355,-0.734304263829602,8,Arizona,38.79361457499559,1689.21,1874.8899999999996,1504.94453179331,1594.4175590323186,0.49140060729148277,0.7137956067809889,1.0
2023-08-15,43.9,43.40066278201559,0.6833609492506495,32.2,0.0,38.05,0.0,41.1,3.0,7.0,-0.6913512362094071,-0.722518835873311,8,Arizona,43.40066278201559,1927.2099999999998,1689.21,1883.617529918233,1905.2890961304843,0.6833609492506495,1.0,1.0
2023-08-16,46.1,45.85343994691562,0.7855599977881509,30.6,0.0,38.35,0.0,43.9,3.0,7.0,-0.7036774074790128,-0.7105196029692745,8,Arizona,45.85343994691562,2125.21,1927.2099999999998,2102.537954965397,2113.84358155281,0.7855599977881509,1.0,1.0
2023-08-17,45.6,45.29335163473783,0.762222984780743,33.9,0.5,39.75,1.0,46.1,3.0,7.0,-0.7157953492826642,-0.6983101158835584,8,Arizona,45.29335163473783,2079.36,2125.21,2051.487702308008,2065.3768345440453,0.762222984780743,1.0,1.0
2023-08-18,41.1,43.95091944444445,0.7062883101851855,31.1,0.0,36.1,0.0,45.6,3.0,7.0,-0.7277014757264236,-0.6858939875998223,8,Arizona,43.95091944444445,1689.21,2079.36,1931.6833200120454,1806.382789166667,0.7062883101851855,0.953658513893632,1.0
2023-08-19,35.0,40.58292983287112,0.5659554097029634,28.3,0.0,31.65,0.0,41.1,3.0,7.0,-0.7393922635959241,-0.673274892250183,8,Arizona,40.58292983287112,1225.0,1689.21,1646.974193819741,1420.4025441504893,0.5659554097029634,0.34635859481337566,1.0
2023-08-20,38.9,39.621159165037845,0.5258816318765769,28.3,0.0,33.6,0.0,35.0,3.0,7.0,-0.7508642533989489,-0.6604565640279754,8,Arizona,39.621159165037845,1513.2099999999998,1225.0,1569.8362535812623,1541.263091519972,0.5258816318765769,0.6250423027517421,0.4609247808241524
2023-08-21,32.8,37.547724858995565,0.4394885357914819,25.6,1.0,29.2,1.0,38.9,3.0,7.0,-0.7621140503891487,-0.6474427960827475,8,Arizona,37.547724858995565,1075.84,1513.2099999999998,1409.8316420868334,1231.5653753750544,0.4394885357914819,0.19926482470746823,0.8302026689152907
2023-08-22,40.6,41.86309564444445,0.6192956518518521,25.0,0.0,32.8,0.0,32.8,3.0,7.0,-0.7731383255706026,-0.6342374393978054,8,Arizona,41.86309564444445,1648.3600000000001,1075.84,1752.5187769359038,1699.6416831644447,0.6192956518518521,0.9159086600521921,0.3231772650986621
2023-08-23,42.2,41.11624653890447,0.5881769391210195,29.4,0.0,35.8,0.0,40.6,3.0,7.0,-0.7839338166829201,-0.620844401650647,8,Arizona,41.11624653890447,1780.8400000000001,1648.3600000000001,1690.5457294479738,1735.1056039417688,0.5881769391210195,0.9619730527475363,1.0
2023-08-24,41.1,40.94124777747562,0.5808853240614843,31.1,0.0,36.1,0.0,42.2,3.0,7.0,-0.7944973291665992,-0.6072676460566135,8,Arizona,40.94124777747562,1689.21,1780.8400000000001,1676.185769576652,1682.685283654248,0.5808853240614841,0.834516410463003,1.0
2023-08-25,43.9,41.881832563395605,0.6200763568081502,31.7,0.0,37.8,0.0,41.1,3.0,7.0,-0.8048257371083452,-0.593511190196115,8,Arizona,41.881832563395605,1927.2099999999998,1689.21,1754.0878988683044,1838.612449533067,0.6200763568081502,1.0,1.0
2023-08-26,45.0,43.90952749323557,0.7045636455514822,33.3,0.0,39.15,0.0,43.9,3.0,7.0,-0.8149159841660791,-0.5795791048257612,8,Arizona,43.90952749323557,2025.0,1927.2099999999998,1928.0466046792105,1975.9287371956007,0.7045636455514822,1.0,1.0
2023-08-27,45.6,44.353048125384426,0.7230436718910177,32.2,0.0,38.900000000000006,0.0,45.0,3.0,7.0,-0.8247650844733614,-0.5654755126737576,8,Arizona,44.353048125384426,2079.36,2025.0,1967.1928780126668,2022.4989945175298,0.7230436718910177,1.0,1.0
2023-08-28,47.2,46.31538763731561,0.8048078182214837,33.9,0.0,40.55,0.0,45.6,3.0,7.0,-0.8343701235229538,-0.5512045872199277,8,Arizona,46.31538763731561,2227.84,2079.36,2145.1151319948076,2186.086296481297,0.8048078182214837,1.0,1.0
2023-08-29,46.7,45.29335163473783,0.762222984780743,33.9,0.0,40.3,0.0,47.2,3.0,7.0,-0.8437282590292712,-0.5367705514607103,8,Arizona,45.29335163473783,2180.8900000000003,2227.84,2051.487702308008,2115.199521342257,0.762222984780743,1.0,1.0
2023-08-30,43.9,44.7516790839645,0.7396532951651876,33.9,0.0,38.9,0.0,46.7,3.0,7.0,-0.8528367217694595,-0.522177676659508,8,Arizona,44.7516790839645,1927.2099999999998,2180.8900000000003,2002.7127808341454,1964.5987117860413,0.7396532951651874,1.0,1.0
2023-08-31,42.8,42.99700646105784,0.6665419358774098,24.4,1.5,33.599999999999994,1.0,43.9,3.0,7.0,-0.8616928164028522,-0.5074302810827518,8,Arizona,42.99700646105784,1831.8399999999997,1927.2099999999998,1848.74256461225,1840.2718765332756,0.6665419358774102,1.0,1.0
2023-09-01,32.2,41.87664238005113,0.6198600991687971,25.6,0.3,28.900000000000002,1.0,42.8,3.0,7.0,-0.8702939222685674,-0.49253272872205434,9,Arizona,41.87664238005113,1036.8400000000001,1831.8399999999997,1753.6531770266945,1348.4278846376465,0.6198600991687971,0.25815679015848475,1.0
2023-09-02,37.2,38.46099728833563,0.4775415536806514,26.7,0.0,31.950000000000003,0.0,32.2,3.0,7.0,-0.8786374941610001,-0.4774894280028391,9,Arizona,38.46099728833563,1383.8400000000001,1036.8400000000001,1479.248312413361,1430.7490991260856,0.4775415536806514,0.48529762321838643,0.2933912765196381
2023-09-03,38.9,37.87912317681782,0.4532967990340759,26.7,0.0,32.8,0.0,37.2,3.0,7.0,-0.886721063082993,-0.46230483047981086,9,Arizona,37.87912317681782,1513.2099999999998,1383.8400000000001,1434.8279726445369,1473.4978915782133,0.4532967990340759,0.5813921049549884,0.6496346402691795
2023-09-04,40.6,38.11572851647114,0.463155354852964,30.0,0.0,35.3,0.0,38.9,3.0,7.0,-0.8945422369764496,-0.4469834295196741,9,Arizona,38.11572851647114,1648.3600000000001,1513.2099999999998,1452.808760341331,1547.4985777687282,0.46315535485296405,0.7086693342147236,0.8306181062671478
2023-09-05,40.6,36.61958467255111,0.400816028022963,25.6,0.0,33.1,0.0,40.6,3.0,7.0,-0.9020987014301837,-0.43152975897147144,9,Arizona,36.61958467255111,1648.3600000000001,1648.3600000000001,1340.9939815901405,1486.7551377055752,0.40081602802296307,0.6775098152889087,1.0
2023-09-06,42.2,37.60621143488218,0.441925476453424,26.1,0.0,34.150000000000006,0.0,40.6,3.0,7.0,-0.9093882203647925,-0.4159483918249421,9,Arizona,37.60621143488218,1780.8400000000001,1648.3600000000001,1414.227138485063,1586.982122552028,0.441925476453424,0.8601537399496575,1.0
2023-09-07,42.8,37.85169649640826,0.4521540206836774,26.1,0.0,34.45,0.0,42.2,3.0,7.0,-0.9164086366943458,-0.4002439388573056,9,Arizona,37.85169649640826,1831.8399999999997,1780.8400000000001,1432.7509276562052,1620.0526100462735,0.45215402068367744,0.9199456843087086,1.0
2023-09-08,43.3,39.63218143677827,0.5263408931990945,30.0,0.0,36.65,0.0,42.8,3.0,7.0,-0.9231578729647039,-0.38442104726885545,9,Arizona,39.63218143677827,1874.8899999999996,1831.8399999999997,1570.709805437712,1716.073456212499,0.5263408931990945,1.0,1.0
2023-09-09,45.6,42.12172095555559,0.6300717064814828,30.6,0.0,38.1,0.0,43.3,3.0,7.0,-0.9296339319682695,-0.3684843993077793,9,Arizona,42.12172095555559,2079.36,1874.8899999999996,1774.2393762576908,1920.7504755733348,0.6300717064814828,1.0,1.0
2023-09-10,45.0,41.4525170573918,0.6021882107246584,32.2,0.0,38.6,0.0,45.6,3.0,7.0,-0.9358348973349941,-0.35243871088460327,9,Arizona,41.4525170573918,2025.0,2079.36,1718.3111703933582,1865.3632675826311,0.6021882107246584,1.0,1.0
2023-09-11,41.1,40.2777378933845,0.5532390788910208,31.7,0.0,36.4,0.0,45.0,3.0,7.0,-0.9417589340994617,-0.33628873017668287,9,Arizona,40.2777378933845,1689.21,2025.0,1622.2961698081815,1655.415027418103,0.5532390788910208,0.8209307386225143,1.0
2023-09-12,38.9,39.593469071484456,0.524727877978519,26.1,0.5,32.5,1.0,41.1,3.0,7.0,-0.9474042892438845,-0.32003923622313857,9,Arizona,39.593469071484456,1513.2099999999998,1689.21,1567.6427931145963,1540.1859468807454,0.524727877978519,0.6657220166344334,1.0
2023-09-13,37.2,36.99262651519117,0.4163594381329654,24.4,0.0,30.8,0.0,38.9,3.0,7.0,-0.9527692922168511,-0.30369503751065885,9,Arizona,36.99262651519117,1383.8400000000001,1513.2099999999998,1368.4544164924248,1376.1257063651117,0.4163594381329654,0.4465509319131978,0.8303825555210468
2023-09-14,38.9,37.05286929405112,0.4188695539187967,26.7,0.0,32.8,0.0,37.2,3.0,7.0,-0.9578523554276669,-0.28726097055059635,9,Arizona,37.05286929405112,1513.2099999999998,1383.8400000000001,1372.9151229220363,1441.3566155385886,0.4188695539187967,0.5725219564826338,0.6493784057399333
2023-09-15,40.0,36.92906026801558,0.4137108445006492,26.7,0.0,33.35,0.0,38.9,3.0,7.0,-0.9626519747161487,-0.2707418984477642,9,Arizona,36.92906026801558,1600.0,1513.2099999999998,1363.7554922787272,1477.1624107206233,0.41371084450064927,0.6563462014625387,0.8302771137834252
2023-09-16,41.7,37.0400735407865,0.4183363975327709,26.1,0.0,33.900000000000006,0.0,40.0,3.0,7.0,-0.9671667297977312,-0.2541427094613622,9,Arizona,37.0400735407865,1738.8900000000003,1600.0,1371.9670479068723,1544.5710666507973,0.4183363975327709,0.8156440074257431,0.9609734266269334
2023-09-17,41.1,37.31601806513208,0.4298340860471701,27.2,0.0,34.15,0.0,41.7,3.0,7.0,-0.97139528468375,-0.23746831555846842,9,Arizona,37.31601806513208,1689.21,1738.8900000000003,1392.4852042372636,1533.6883424769285,0.4298340860471699,0.7581564264046714,1.0
2023-09-18,39.4,36.44696577746111,0.3936235740608795,25.6,0.0,32.5,0.0,41.1,3.0,7.0,-0.9753363880767837,-0.2207236509605022,9,Arizona,36.44696577746111,1552.36,1689.21,1328.3813143834213,1436.0104516319677,0.39362357406087956,0.5926535943831001,1.0
2023-09-19,38.9,34.60233562131555,0.3167639842214811,24.4,0.0,31.65,0.0,39.4,3.0,7.0,-0.9789888737409319,-0.20391367068311472,9,Arizona,34.60233562131555,1513.2099999999998,1552.36,1197.3216304501627,1346.0308556691748,0.3167639842214811,0.5092486741700971,0.8883298762048186
2023-09-20,38.9,34.33011970685568,0.3054216544523198,25.0,0.0,31.95,0.0,38.9,3.0,7.0,-0.9823516608469237,-0.18704334906991657,9,Arizona,34.33011970685568,1513.2099999999998,1513.2099999999998,1178.557119087041,1335.441656596686,0.3054216544523201,0.5011361117999865,0.8299303874124097
2023-09-21,37.2,33.58698929119677,0.2744578871331988,22.2,0.0,29.700000000000003,0.0,38.9,3.0,7.0,-0.9854237542919524,-0.17011767832049052,9,Arizona,33.58698929119677,1383.8400000000001,1513.2099999999998,1128.0858496469666,1249.43600163252,0.27445788713319885,0.38188476550610945,0.8298469574137118
2023-09-22,37.2,33.13136993408938,0.255473747253724,23.9,0.0,30.55,0.0,37.2,3.0,7.0,-0.9882042449941422,-0.15314166701312007,9,Arizona,33.13136993408938,1383.8400000000001,1383.8400000000001,1097.6876737094815,1232.486961548125,0.25547374725372407,0.36924370754785324,0.6488679342649306
2023-09-23,35.6,32.450584655555595,0.2271076939814831,25.6,0.0,30.6,0.0,37.2,3.0,7.0,-0.9906923101615609,-0.13612033862266704,9,Arizona,32.450584655555595,1267.3600000000001,1383.8400000000001,1053.0404444873802,1155.2408137377793,0.22710769398148312,0.26294019415299374,0.6487854240816123
2023-09-24,37.8,35.215786421315585,0.3423244342214827,23.3,0.0,30.549999999999997,0.0,35.6,3.0,7.0,-0.9928872135356962,-0.11905873003404988,9,Arizona,35.215786421315585,1428.8399999999997,1267.3600000000001,1240.1516132717152,1331.156726725729,0.3423244342214827,0.4768198934860749,0.5065836149793521
2023-09-25,38.9,35.4843615147058,0.3535150631127415,24.4,0.0,31.65,0.0,37.8,3.0,7.0,-0.994788305609327,-0.10196189005174576,9,Arizona,35.4843615147058,1513.2099999999998,1428.8399999999997,1259.1399121063344,1380.3416629220558,0.3535150631127418,0.5563702547682241,0.7091029871505041
2023-09-26,40.6,36.10281825844337,0.3792840941018071,23.9,0.0,32.25,0.0,38.9,3.0,7.0,-0.9963950238187231,-0.08483487790576538,9,Arizona,36.10281825844337,1648.3600000000001,1513.2099999999998,1303.413486202192,1465.774421292801,0.37928409410180713,0.7252168542365394,0.8293607692516035
2023-09-27,41.1,36.530931028308665,0.3971221261795277,25.0,0.0,33.05,0.0,40.6,3.0,7.0,-0.9977068927101168,-0.06768276175455162,9,Arizona,36.530931028308665,1689.21,1648.3600000000001,1334.5089217950447,1501.4212652634862,0.3971221261795277,0.7733144599269042,1.0
2023-09-28,40.0,36.10281825844337,0.3792840941018071,24.4,0.0,32.2,0.0,41.1,3.0,7.0,-0.9987235240803972,-0.050510617185222886,9,Arizona,36.10281825844337,1600.0,1689.21,1303.413486202192,1444.1127303377348,0.37928409410180713,0.6637129150046732,1.0
2023-09-29,38.9,35.4843615147058,0.3535150631127415,22.2,0.0,30.549999999999997,0.0,40.0,3.0,7.0,-0.9994446170919858,-0.033323525711631344,9,Arizona,35.4843615147058,1513.2099999999998,1600.0,1259.1399121063344,1380.3416629220558,0.3535150631127418,0.5719866258691987,0.9597208852411173
2023-09-30,38.3,34.60109775231118,0.3167124063462993,23.3,0.0,30.799999999999997,0.0,38.9,3.0,7.0,-0.9998699583618592,-0.016126573270657762,9,Arizona,34.60109775231118,1466.8899999999999,1513.2099999999998,1197.235965664994,1325.2220439135183,0.3167124063462993,0.49630287432223524,0.8288907961490526
2023-10-01,31.1,33.58196759377781,0.2742486497407421,21.7,0.0,26.4,0.0,38.3,3.0,7.0,-0.9999994220246925,0.001075151282798226,10,Arizona,33.58196759377781,967.21,1466.8899999999999,1127.7485474695432,1044.39919216649,0.27424864974074215,0.13615396840729604,0.7616863182769206
2023-10-02,31.1,28.81479001347556,0.0756162505614817,20.6,0.0,25.85,0.0,31.1,2.0,6.0,-0.999832969770105,0.018276557681691223,10,Arizona,28.81479001347556,967.21,967.21,830.2921235206908,896.1399694190899,0.07561625056148162,0.11278943047706429,0.24383848774464834
2023-10-03,31.7,28.67405660348446,0.0697523584785191,20.0,0.0,25.85,0.0,31.1,1.0,5.0,-0.9993706508539969,0.03547255575312556,10,Arizona,28.67405660348446,1004.89,967.21,822.2015220998308,908.9675943304574,0.06975235847851913,0.12757717612805128,0.24281107665913973
2023-10-04,35.0,31.273400458731636,0.1780583524471513,20.0,0.0,27.5,0.0,31.7,0.0,4.0,-0.9986126020839734,0.052658056924614005,10,Arizona,31.273400458731636,1225.0,1004.89,978.0255762521962,1094.5690160556073,0.1780583524471515,0.2695413624468971,0.266381181546003
2023-10-05,37.8,33.13136993408938,0.255473747253724,21.1,0.0,29.45,0.0,35.0,1.0,4.0,-0.9975590477788613,0.06982797572987089,10,Arizona,33.13136993408938,1428.8399999999997,1225.0,1097.6876737094815,1252.3657835085785,0.25547374725372407,0.5897933703856495,0.5698336365263663
2023-10-06,40.0,35.86086571596193,0.3692027381650803,21.1,0.0,30.55,0.0,37.8,2.0,4.0,-0.9962102997023297,0.0869772313136861,10,Arizona,35.86086571596193,1600.0,1428.8399999999997,1286.0016898982537,1434.434628638477,0.36920273816508037,1.0,1.0
2023-10-07,39.4,36.37006527099558,0.3904193862914826,27.8,0.0,33.6,0.0,40.0,3.0,4.0,-0.9945667569706337,0.1041007489354256,10,Arizona,36.37006527099558,1552.36,1600.0,1322.7816478164789,1432.980571677226,0.3904193862914826,1.0,1.0
2023-10-08,37.8,35.88723762042444,0.3703015675176851,26.1,0.0,31.95,0.0,39.4,3.0,4.0,-0.9926289059345095,0.121193461470736,10,Arizona,35.88723762042444,1428.8399999999997,1552.36,1287.8938240248074,1356.537582052044,0.3703015675176851,0.9259730860623613,1.0
2023-10-09,38.9,35.215786421315585,0.3423244342214827,25.6,0.0,32.25,0.0,37.8,3.0,5.0,-0.9903973200352558,0.1382503109109819,10,Arizona,35.215786421315585,1513.2099999999998,1428.8399999999997,1240.1516132717152,1369.8940917891762,0.3423244342214827,0.8644332603273501,1.0
2023-10-10,37.2,34.565035485057805,0.3152098118774085,23.9,0.0,30.55,0.0,38.9,3.0,6.0,-0.9878726596350429,0.15526624985999563,10,Arizona,34.565035485057805,1383.8400000000001,1513.2099999999998,1194.7416780833053,1285.8193200441506,0.31520981187740854,0.5608002907709461,0.9794320334873458
2023-10-11,34.4,33.684902338337814,0.2785375974307422,23.3,0.0,28.85,0.0,37.2,3.0,7.0,-0.9850556718215013,0.172236243027682,10,Arizona,33.684902338337814,1183.36,1383.8400000000001,1134.6726455433563,1158.7606404388207,0.27853759743074225,0.26299264944715195,0.6466331465613545
2023-10-12,32.8,30.99643893169557,0.1665182888206489,20.6,0.0,26.7,0.0,34.4,3.0,7.0,-0.981947190186646,0.18915526872004093,10,Arizona,30.99643893169557,1075.84,1183.36,960.7792264463329,1016.6831969596146,0.1665182888206488,0.1795710264592502,0.4166059413582913
2023-10-13,32.8,29.954480215851657,0.1231033423271523,18.3,0.0,25.549999999999997,0.0,32.8,3.0,7.0,-0.9785481345802031,0.20601832032517084,10,Arizona,29.954480215851657,1075.84,1075.84,897.2708850018483,982.5069510799343,0.12310334232715237,0.1796822798338934,0.3213607630172459
2023-10-14,34.4,31.046002029057814,0.1685834178774089,19.4,0.0,26.9,0.0,32.8,3.0,7.0,-0.9748595108374125,0.22282040779479959,10,Arizona,31.046002029057814,1183.36,1075.84,963.8542419882618,1067.9824697995887,0.1685834178774089,0.2519656164464296,0.32126325049881926
2023-10-15,38.9,35.377580196813305,0.3490658415338877,19.4,0.0,29.15,0.0,34.4,3.0,7.0,-0.9708824104813836,0.23955655912092708,10,Arizona,35.377580196813305,1513.2099999999998,1183.36,1251.5731805819569,1376.1878696560375,0.3490658415338877,0.6525221287183234,0.41624671106946415
2023-10-16,40.6,36.97737072761944,0.4157237803174768,22.8,0.0,31.700000000000003,0.0,38.9,3.0,7.0,-0.9666180104000972,0.2562218218071163,10,Arizona,36.97737072761944,1648.3600000000001,1513.2099999999998,1367.3259459278067,1501.281251541349,0.41572378031747653,0.8206981461805521,0.8263426644815075
2023-10-17,38.3,36.10281825844337,0.3792840941018071,23.9,0.0,31.099999999999998,0.0,40.6,3.0,7.0,-0.9620675724981452,0.27281126433401914,10,Arizona,36.10281825844337,1466.8899999999999,1648.3600000000001,1303.413486202192,1382.737939298381,0.37928409410180713,0.5738797992137478,1.0
2023-10-18,38.9,34.97673137667397,0.3323638073614153,22.2,0.0,30.549999999999997,0.0,38.3,3.0,7.0,-0.957232443323312,0.28931997761869527,10,Arizona,34.97673137667397,1513.2099999999998,1466.8899999999999,1223.3717377960093,1360.5948505526173,0.3323638073614153,0.6096991936995885,0.7589745301993359
2023-10-19,40.0,35.97145980508053,0.3738108252116887,22.2,0.0,31.1,0.0,38.9,3.0,7.0,-0.9521140536681102,0.3057430764672831,10,Arizona,35.97145980508053,1600.0,1513.2099999999998,1293.945920508524,1438.8583922032212,0.3738108252116887,0.7407174914129424,0.8257562806691819
2023-10-20,40.0,35.416767123071764,0.3506986301279902,21.7,0.0,30.85,0.0,40.0,3.0,7.0,-0.9467139181463862,0.3220757010206104,10,Arizona,35.416767123071764,1600.0,1600.0,1254.347393449897,1416.6706849228706,0.3506986301279902,0.7219393701883354,0.9561133180470058
2023-10-21,38.3,35.16133516827887,0.3400556320116195,22.2,0.0,30.25,0.0,40.0,3.0,7.0,-0.9410336347451197,0.3383130181923076,10,Arizona,35.16133516827887,1466.8899999999999,1600.0,1236.3194908160442,1346.6791369450805,0.3400556320116195,0.5670715322622661,0.955898810786435
2023-10-22,36.7,34.13810030495181,0.2974208460396588,21.1,0.0,28.900000000000002,0.0,38.3,3.0,7.0,-0.9350748843515574,0.3544502230989869,10,Arizona,34.13810030495181,1346.89,1466.8899999999999,1165.409892430951,1252.8682811917317,0.29742084603965885,0.4332048454450036,0.7581864282714608
2023-10-23,31.1,33.022220326595615,0.2509258469414839,21.1,0.0,26.1,0.0,36.7,3.0,7.0,-0.9288394302558068,0.3704825404820963,10,Arizona,33.022220326595615,967.21,1346.89,1090.4670352982246,1026.9910521571237,0.25092584694148395,0.15412896128116996,0.5973059212191068
2023-10-24,30.6,27.98978828193782,0.0412411784140758,20.6,0.0,25.6,0.0,31.1,2.0,6.0,-0.9223291176290545,0.3864052261209853,10,Arizona,27.98978828193782,936.3600000000001,967.21,783.4282480677036,856.4875214272973,0.04124117841407582,0.11308652779371463,0.24217352728810687
2023-10-25,29.4,27.824858449475617,0.034369102061484,19.4,0.0,24.4,0.0,30.6,1.0,5.0,-0.9155458729775467,0.40221356823680365,10,Arizona,27.824858449475617,864.3599999999999,936.3600000000001,774.2227477333546,818.050838414583,0.034369102061484025,0.09278769366279477,0.2225144043753855
2023-10-26,30.0,27.318101132851165,0.0132542138687985,20.0,0.0,25.0,0.0,29.4,0.0,4.0,-0.9084917035725082,0.41790288888678667,10,Arizona,27.318101132851165,900.0,864.3599999999999,746.2786495046842,819.543033985535,0.013254213868798548,0.10232564644335403,0.18310749080866703
2023-10-27,31.7,28.81479001347556,0.0756162505614817,19.4,0.0,25.549999999999997,0.0,30.0,0.0,3.0,-0.9011686968561569,0.4334685453485363,10,Arizona,28.81479001347556,1004.89,900.0,830.2921235206908,913.4288434271751,0.07561625056148162,0.21185070729397182,0.2611598083984155
2023-10-28,30.6,28.81479001347556,0.0756162505614817,18.3,0.0,24.450000000000003,0.0,31.7,0.0,2.0,-0.8935790198239952,0.4489059314938798,10,Arizona,28.81479001347556,936.3600000000001,1004.89,830.2921235206908,881.7325744123522,0.07561625056148162,0.24225623958653145,0.4316759470914683
2023-10-29,26.7,27.41213766847116,0.0171724028529648,16.1,0.0,21.4,0.0,30.6,0.0,1.0,-0.8857249183835637,0.4642104791518923,10,Arizona,27.41213766847116,712.89,936.3600000000001,751.4252915552155,731.9040757481799,0.017172402852965025,0.16884906925622076,0.4641110318380384
2023-10-30,27.2,25.58944444444445,0.0,12.8,0.0,20.0,0.0,26.7,0.0,0.0,-0.8776087166898392,0.4793776594606945,10,Arizona,25.58944444444445,739.8399999999999,712.89,654.8196669753089,696.032888888889,0.0,0.26063061720912606,0.3459231124274716
2023-10-31,27.8,26.206388888888892,0.0,16.1,0.0,21.950000000000003,0.0,27.2,0.0,0.0,-0.8692328164574792,0.49440298420761813,10,Arizona,26.206388888888892,772.84,739.8399999999999,686.7748185956792,728.5376111111112,0.0,0.27876880188528597,0.36930304513677914
2023-11-01,28.3,26.3266061012786,0.0,16.1,0.0,22.200000000000003,0.0,27.8,0.0,0.0,-0.8605996962501181,0.5092820071573356,11,Arizona,26.3266061012786,800.89,772.84,693.0901888118796,745.0429526661844,0.0,0.30328937541137874,0.3996232811498621
2023-11-02,30.6,28.32041565651366,0.0550173190214025,13.9,0.0,22.25,0.0,28.3,0.0,0.0,-0.8517119107469189,0.5240103253675756,11,Arizona,28.32041565651366,936.3600000000001,800.89,802.045942957704,866.604719089318,0.0550173190214025,0.4776503964011009,0.4268295752622441
2023-11-03,31.7,28.70863456735221,0.0711931069730085,15.0,0.0,23.35,0.0,30.6,0.0,0.0,-0.8425720899866032,0.5385835804920232,11,Arizona,28.70863456735221,1004.89,936.3600000000001,824.1856987217702,910.063715785065,0.07119310697300874,0.5490473868214258,0.577906859920822
2023-11-04,31.7,28.70863456735221,0.0711931069730085,16.1,0.0,23.9,0.0,31.7,0.0,0.0,-0.8331829385891785,0.5529974600700271,11,Arizona,28.70863456735221,1004.89,1004.89,824.1856987217702,910.063715785065,0.07119310697300874,0.5395284900729284,0.6657501693197687
2023-11-05,33.9,30.24187609208936,0.1350781705037233,16.1,0.0,25.0,0.0,31.7,0.0,0.0,-0.8235472349556007,0.5672476988027229,11,Arizona,30.24187609208936,1149.2099999999998,1004.89,914.571069569286,1025.1995995218292,0.1350781705037233,0.7520523152221661,0.6655254861330647
2023-11-06,33.9,30.31718712192291,0.1382161300801212,17.8,0.0,25.85,0.0,33.9,1.0,1.0,-0.8136678304455991,0.5813300798152042,11,Arizona,30.31718712192291,1149.2099999999998,1149.2099999999998,919.1318349856883,1027.7526434331867,0.13821613008012124,0.7332798705948359,0.8736007831875006
2023-11-07,32.8,29.809894232673937,0.117078926361414,16.7,0.0,24.75,0.0,33.9,2.0,2.0,-0.8035476485339116,0.5952404359043674,11,Arizona,29.809894232673937,1075.84,1149.2099999999998,888.6297941632068,977.7645308317051,0.11707892636141404,0.6408873701178396,0.875664774472417
2023-11-08,27.2,29.046076926015598,0.0852532052506497,16.7,0.0,21.95,0.0,32.8,3.0,3.0,-0.7931896839451843,0.6089746507720486,11,Arizona,29.046076926015598,739.8399999999999,1075.84,843.6745847920157,790.0532923876242,0.0852532052506499,0.27749159282673674,0.769682123126663
2023-11-09,26.1,25.06444444444444,0.0,13.3,0.0,19.700000000000003,0.0,27.2,2.0,3.0,-0.7825970017677834,0.6225286602431057,11,Arizona,25.06444444444444,681.21,739.8399999999999,628.2263753086418,654.1819999999999,0.0,0.16092857246488562,0.2895240462738102
2023-11-10,25.6,25.06444444444444,0.0,12.2,0.0,18.9,0.0,26.1,1.0,3.0,-0.7717727365467836,0.6358984534680745,11,Arizona,25.06444444444444,655.3600000000001,681.21,628.2263753086418,641.6497777777777,0.0,0.10909968176754987,0.1908015124269161
2023-11-11,27.2,26.297777777777785,0.0,12.2,0.0,19.7,0.0,25.6,0.0,3.0,-0.7607200913564104,0.6490800741100398,11,Arizona,26.297777777777785,739.8399999999999,655.3600000000001,691.5731160493831,715.2995555555557,0.0,0.10910347818156159,0.1351534556427545
2023-11-12,28.9,26.860912138817824,0.0,15.6,0.0,22.25,0.0,27.2,0.0,3.0,-0.7494423368521954,0.6620696215153815,11,Arizona,26.860912138817824,835.2099999999999,739.8399999999999,721.5086009292908,776.2803608118351,0.0,0.14146878159520165,0.17005887201708417
2023-11-13,31.1,28.67405660348446,0.0697523584785191,16.7,0.0,23.9,0.0,28.9,0.0,2.0,-0.7379428103031386,0.6748632518680403,11,Arizona,28.67405660348446,967.21,835.2099999999999,822.2015220998308,891.7631603683667,0.06975235847851913,0.30069639312871893,0.2835837552645455
2023-11-14,31.7,29.208221804471123,0.0920092418529634,20.0,0.0,25.85,0.0,31.1,0.0,1.0,-0.7262249146041543,0.6874571793269664,11,Arizona,29.208221804471123,1004.89,967.21,853.1202209791824,925.9006312017345,0.09200924185296344,0.4237964406930329,0.49464088638244164
2023-11-15,31.1,28.81479001347556,0.0756162505614817,19.4,0.0,25.25,0.0,31.7,0.0,0.0,-0.7142921172691032,0.699847677146407,11,Arizona,28.81479001347556,967.21,1004.89,830.2921235206908,896.1399694190899,0.07561625056148162,0.5016894870742307,0.6631787530035108
2023-11-16,26.7,27.860668231484485,0.0358611763118535,18.3,2.3,22.5,1.0,31.1,0.0,0.0,-0.7021479494046978,0.7120310787787131,11,Arizona,27.860668231484485,712.89,967.21,776.2168343048488,743.8798417806357,0.03586117631185356,0.2589877795146788,0.6137429679516037
2023-11-17,27.8,26.98645490319113,0.0,16.7,0.0,22.25,0.0,26.7,0.0,0.0,-0.6897960046655887,0.7240037789593305,11,Arizona,26.98645490319113,772.84,712.89,728.2687482419686,750.2234463087135,0.0,0.312267507855303,0.3433039678188492
2023-11-18,23.9,26.637222222222224,0.0,17.2,3.6,20.549999999999997,1.0,27.8,0.0,0.0,-0.6772399381909491,0.7357622347736527,11,Arizona,26.637222222222224,571.2099999999999,772.84,709.5416077160495,636.6296111111111,0.0,0.164341449878869,0.39681663143514667
2023-11-19,23.9,23.236944444444443,0.0,14.4,0.0,19.15,0.0,23.9,0.0,0.0,-0.6644834655228552,0.7473029667054296,11,Arizona,23.236944444444443,571.2099999999999,571.2099999999999,539.9555871141974,555.3629722222222,0.0,0.1577087917529288,0.239284021641808
2023-11-20,24.4,22.806111111111104,0.0,12.2,0.0,18.299999999999997,0.0,23.9,0.0,0.0,-0.6515303615068021,0.75862255966641,11,Arizona,22.806111111111104,595.3599999999999,571.2099999999999,520.1187040123453,556.4691111111109,0.0,0.17699193931911417,0.23916886787416597
2023-11-21,26.1,25.155833333333327,0.0,13.3,0.0,19.700000000000003,0.0,24.4,0.0,0.0,-0.6383844591746642,0.7697176640069211,11,Arizona,25.155833333333327,681.21,595.3599999999999,632.8159506944442,656.5672499999998,0.0,0.24536542692061167,0.254564651780899
2023-11-22,25.6,25.11666666666666,0.0,12.2,0.0,18.9,0.0,26.1,0.0,0.0,-0.6250496486104377,0.7805849965070866,11,Arizona,25.11666666666666,655.3600000000001,681.21,630.8469444444441,642.9866666666666,0.0,0.22743445035842147,0.3166290629665126
2023-11-23,22.8,23.85666666666667,0.0,12.8,0.0,17.8,0.0,25.6,0.0,0.0,-0.6115298757991053,0.7912213413483807,11,Arizona,23.85666666666667,519.84,655.3600000000001,569.1405444444446,543.932,0.0,0.13747804056620047,0.2965618546855341
2023-11-24,22.8,21.82083333333333,0.0,11.1,0.0,16.95,0.0,22.8,0.0,0.0,-0.5978291414589552,0.801623551065242,11,Arizona,21.82083333333333,519.84,519.84,476.1487673611109,497.51499999999993,0.0,0.13969087973143055,0.20844261108720977
2023-11-25,21.1,20.691944444444445,0.0,12.2,0.0,16.65,0.0,22.8,0.0,0.0,-0.5839514998576998,0.8117885474764613,11,Arizona,20.691944444444445,445.21000000000004,519.84,428.15656489197534,436.6000277777778,0.0,0.10168387190049628,0.20833890734205668
2023-11-26,22.2,21.06083333333334,0.0,8.3,0.0,15.25,0.0,21.1,0.0,0.0,-0.5699010576127624,0.8217133225960589,11,Arizona,21.06083333333334,492.84,445.21000000000004,443.55870069444467,467.5505000000001,0.0,0.13455984810538846,0.17031881123806897
2023-11-27,23.9,23.39694444444444,0.0,11.1,0.0,17.5,0.0,22.2,0.0,0.0,-0.5556819724760489,0.8313949395234058,11,Arizona,23.39694444444444,571.2099999999999,492.84,547.4170093364196,559.186972222222,0.0,0.17745695688180377,0.19363484548469617
2023-11-28,25.6,24.551944444444445,0.0,13.3,0.0,19.450000000000003,0.0,23.9,0.0,0.0,-0.5412984521036173,0.8408305333122887,11,Arizona,24.551944444444445,655.3600000000001,571.2099999999999,602.7979760030864,628.5297777777778,0.0,0.23076332427515056,0.23823551180292402
2023-11-29,22.8,23.948055555555563,0.0,12.2,0.0,17.5,0.0,25.6,0.0,0.0,-0.5267547528105542,0.8500173118187018,11,Arizona,23.948055555555563,519.84,655.3600000000001,573.5093648919757,546.0156666666668,0.0,0.14353087688043104,0.2957151516917071
2023-11-30,18.9,19.971111111111107,0.0,11.7,1.5,15.299999999999999,1.0,22.8,0.0,0.0,-0.5120551783114646,0.8589525565270845,11,Arizona,19.971111111111107,357.2099999999999,519.84,398.8452790123455,377.4539999999999,0.0,0.0743924428455738,0.20781779072502143
2023-12-01,18.3,16.792777777777772,0.0,11.1,3.3,14.7,1.0,18.9,0.0,0.0,-0.4972040784469378,0.8676336233547726,12,Arizona,16.792777777777772,334.89000000000004,357.2099999999999,281.997385493827,307.30783333333324,0.0,0.07048296006602188,0.13329282607652476
2023-12-02,18.9,17.804166666666667,0.0,8.9,0.0,13.899999999999999,0.0,18.3,0.0,0.0,-0.4822058478963526,0.8760579434344281,12,Arizona,17.804166666666667,357.2099999999999,334.89000000000004,316.9883506944445,336.49875,0.0,0.07940948855493903,0.1251632455789368
2023-12-03,20.6,19.4325,0.0,8.3,0.0,14.450000000000001,0.0,18.9,0.0,0.0,-0.46706492487743034,0.8842230238742036,12,Arizona,19.4325,424.36000000000007,357.2099999999999,377.62205625,400.30950000000007,0.0,0.10701285588242314,0.13315346800046773
2023-12-04,20.6,19.4325,0.0,8.9,0.0,14.75,0.0,20.6,0.0,0.0,-0.451785789832884,0.8921264484954345,12,Arizona,19.4325,424.36000000000007,424.36000000000007,377.62205625,400.30950000000007,0.0,0.10451971623734709,0.16023004810117805
2023-12-05,27.8,26.18647174563556,0.0,10.0,0.0,18.9,0.0,20.6,0.0,0.0,-0.4363729641045924,0.8997658785476209,12,Arizona,26.18647174563556,772.84,424.36000000000007,685.7313024849695,727.9839145286686,0.0,0.3823726614912514,0.16014737930373396
2023-12-06,28.9,26.860912138817824,0.0,13.3,0.0,21.1,0.0,27.8,0.0,0.0,-0.42083100859565564,0.9071390534005044,12,Arizona,26.860912138817824,835.2099999999999,772.84,721.5086009292908,776.2803608118351,0.0,0.41484328944615206,0.3936140161894121
2023-12-07,25.6,26.11586587939556,0.0,11.7,0.0,18.65,0.0,28.9,0.0,0.0,-0.4051645224207563,0.9142437912130223,12,Arizona,26.11586587939556,655.3600000000001,835.2099999999999,682.0384506305772,668.5661665125264,0.0,0.24685719812388923,0.45543268519390356
2023-12-08,22.8,23.92194444444445,0.0,10.0,0.0,16.4,0.0,25.6,0.0,0.0,-0.3893781415452015,0.9210779895789526,12,Arizona,23.92194444444445,519.84,655.3600000000001,572.2594260030867,545.4203333333335,0.0,0.15511092096032467,0.2944392200613338
2023-12-09,20.0,20.47,0.0,7.2,0.0,13.6,0.0,22.8,0.0,0.0,-0.37347653741307074,0.9276396261490467,12,Arizona,20.47,400.0,519.84,419.0208999999999,409.4,0.0,0.09856746068702923,0.20687864406266845
2023-12-10,22.8,22.05916666666667,0.0,6.7,0.0,14.75,0.0,20.0,0.0,0.0,-0.3574644155648614,0.9339267592294762,12,Arizona,22.05916666666667,519.84,400.0,486.6068340277779,502.94900000000007,0.0,0.16749950680780315,0.1493869552421335
2023-12-11,23.3,22.11138888888889,0.0,7.2,0.0,15.25,0.0,22.8,0.0,0.0,-0.34134651424503615,0.9399375283564133,12,Arizona,22.11138888888889,542.89,519.84,488.913518595679,515.1953611111111,0.0,0.17619387482724536,0.2066715566517888
2023-12-12,21.7,20.96944444444445,0.0,10.6,0.0,16.15,0.0,23.3,0.0,0.0,-0.3251276029999093,0.9456701548465688,12,Arizona,20.96944444444445,470.89,542.89,439.71760030864215,455.03694444444454,0.0,0.12487728243387551,0.21960174011834338
2023-12-13,21.1,19.814444444444444,0.0,7.2,0.0,14.15,0.0,21.7,0.0,0.0,-0.30881248126625377,0.9511229423235357,12,Arizona,19.814444444444444,445.21000000000004,470.89,392.61220864197526,418.0847777777778,0.0,0.12058264376161291,0.18103631590815358
2023-12-14,21.1,19.24972222222222,0.0,6.7,0.0,13.9,0.0,21.1,0.0,0.0,-0.29240597695107734,0.9562942772197719,12,Arizona,19.24972222222222,445.21000000000004,445.21000000000004,370.551805632716,406.1691388888889,0.0,0.12215368731543429,0.1687579231431165
2023-12-15,25.6,25.103611111111107,0.0,7.8,0.0,16.7,0.0,21.1,0.0,0.0,-0.27591294500296043,0.9611826292540837,12,Arizona,25.103611111111107,655.3600000000001,445.21000000000004,630.1912908179011,642.6524444444444,0.0,0.2811759524196103,0.16867278284008738
2023-12-16,26.7,25.576388888888896,0.0,11.1,0.0,18.9,0.0,25.6,0.0,0.0,-0.2593382659754056,0.9657865518844574,12,Arizona,25.576388888888896,712.89,655.3600000000001,654.1516685956794,682.8895833333335,0.0,0.3101252930557985,0.2933209549961975
2023-12-17,27.2,26.180277777777786,0.0,9.4,0.0,18.3,0.0,26.7,0.0,0.0,-0.2426868445825954,0.9701046827361175,12,Arizona,26.180277777777786,739.8399999999999,712.89,685.4069445216054,712.1035555555558,0.0,0.3481150949998989,0.33856204950998153
2023-12-18,23.9,25.576388888888896,0.0,12.2,0.0,18.049999999999997,0.0,27.2,0.0,0.0,-0.22596360824801906,0.974135744004672,12,Arizona,25.576388888888896,571.2099999999999,739.8399999999999,654.1516685956794,611.2756944444446,0.0,0.19244481012280787,0.36152207733774716
2023-12-19,25.0,23.84361111111111,0.0,15.0,0.3,20.0,1.0,23.9,0.0,0.0,-0.20917350564635637,0.9778785428342386,12,Arizona,23.84361111111111,625.0,571.2099999999999,568.5177908179011,596.0902777777777,0.0,0.22241627751932225,0.23578906340443637
2023-12-20,25.0,23.59277777777777,0.0,15.6,0.5,20.3,1.0,25.0,0.0,0.0,-0.19232150523909483,0.9813319716704275,12,Arizona,23.59277777777777,625.0,625.0,556.6191632716045,589.8194444444442,0.0,0.21713745715416144,0.2709578834943905
2023-12-21,25.6,25.28638888888889,0.0,13.3,0.0,19.450000000000003,0.0,25.0,0.0,0.0,-0.17541259380427843,0.9844950085880858,12,Arizona,25.28638888888889,655.3600000000001,625.0,639.4014630401235,647.3315555555556,0.0,0.2546665433258202,0.27083154290983197
2023-12-22,17.2,24.669444444444444,0.0,12.8,17.8,15.0,1.0,25.6,0.0,0.0,-0.15845177496083632,0.9873667175937016,12,Arizona,24.669444444444444,295.84,655.3600000000001,608.5814891975308,424.3144444444444,0.0,0.0631823787965129,0.2925052745330293
2023-12-23,15.0,14.283611111111108,0.0,10.6,0.8,12.8,1.0,17.2,0.0,0.0,-0.14144406768794202,0.9899462489023779,12,Arizona,14.283611111111108,225.0,295.84,204.02154637345672,214.25416666666663,0.0,0.04758473224223261,0.11090719398867982
2023-12-24,17.8,16.845,0.0,8.3,0.0,13.05,0.0,15.0,0.0,0.0,-0.12439450483979998,0.9922328391893008,12,Arizona,16.845,316.84000000000003,225.0,283.75402499999996,299.841,0.0,0.07572947948285245,0.09054018004641462
2023-12-25,17.8,16.662222222222216,0.0,8.3,0.0,13.05,0.0,17.8,0.0,0.0,-0.10730813165636247,0.9942258118156161,12,Arizona,16.662222222222216,316.84000000000003,316.84000000000003,277.62964938271585,296.58755555555547,0.0,0.07376967410432475,0.117570018957204
2023-12-26,17.8,16.07194444444444,0.0,7.2,0.0,12.5,0.0,17.8,0.0,0.0,-0.09019000427034513,0.9959245770286599,12,Arizona,16.07194444444444,316.84000000000003,316.84000000000003,258.30739822530853,286.08061111111107,0.0,0.07564504088472807,0.11751245372209933
2023-12-27,19.4,18.12083333333333,0.0,6.1,0.0,12.75,0.0,17.8,0.0,0.0,-0.07304518821104743,0.9973286321364752,12,Arizona,18.12083333333333,376.35999999999996,316.84000000000003,328.36460069444433,351.54416666666657,0.0,0.1000732188876448,0.11745531841288301
2023-12-28,20.6,18.658888888888896,0.0,7.2,0.0,13.9,0.0,19.4,0.0,0.0,-0.05587875690537313,0.9984375616565666,12,Arizona,18.658888888888896,424.36000000000007,376.35999999999996,348.1541345679015,384.37311111111126,0.0,0.11800410704357925,0.13867161405390654
2023-12-29,22.8,22.15055555555556,0.0,6.7,0.0,14.75,0.0,20.6,0.0,0.0,-0.03869579017652689,0.9992510374388481,12,Arizona,22.15055555555556,519.84,424.36000000000007,490.6471114197533,505.0326666666668,0.0,0.17695228985345773,0.15824144499072074
2023-12-30,24.4,23.30555555555555,0.0,10.6,0.0,17.5,0.0,22.8,0.0,0.0,-0.021501372740813793,0.999768818762748,12,Arizona,23.30555555555555,595.3599999999999,519.84,543.1489197530861,568.6555555555553,0.0,0.21644590241567419,0.2047931998033047
2023-12-31,17.8,21.5336111111111,0.0,7.8,0.0,12.8,0.0,24.4,0.0,0.0,-0.004300592702981974,0.9999907524084426,12,Arizona,21.5336111111111,316.84000000000003,595.3599999999999,463.6964074845674,383.29827777777757,0.0,0.07240784425932421,0.24973954236909235
