doy,p_sameday_clim,p_dayahead_clim,r_screening_clim,tmax_clim,heat_index_filled_clim,n_years
1,0.06558058386997737,0.06575151647004762,0.0,18.626555555555555,18.203310956790123,30
2,0.06714416300598823,0.0666395162789195,0.0,18.75522222222222,18.356831944444448,30
3,0.06794613693239508,0.06764780446675855,0.0,18.833888888888886,18.499849228395064,30
4,0.06940273411591531,0.06820261786571481,0.0,18.983666666666668,18.657804783950617,30
5,0.07084264460101942,0.06914772456155759,0.0,19.111,18.809268364197532,30
6,0.0718175747507394,0.07007904993317461,0.0,19.17677777777778,18.89582577160494,30
7,0.07379100145071156,0.07067986134851463,0.0,19.303,19.006221450617282,30
8,0.07539050518489393,0.07157241237178166,0.0,19.407111111111114,19.078464197530863,30
9,0.07631712545501787,0.07240129874446587,0.0,19.487777777777783,19.175751234567898,30
10,0.07689695197461086,0.07301549184303249,0.0,19.542888888888893,19.229246296296296,30
11,0.07862162960009235,0.07334357603678904,0.0,19.66577777777778,19.32767098765432,30
12,0.08015417931319005,0.07438818700889613,0.0,19.789777777777775,19.441544444444443,30
13,0.08086319120870651,0.07539700944793079,0.0,19.853111111111108,19.51985130225213,30
14,0.08177017114071064,0.07590368779513465,0.0,19.930444444444444,19.592048215832378,30
15,0.08178471906613154,0.07651138980502861,0.0,19.951555555555554,19.628246363980523,30
16,0.08176107584511877,0.0765783009290426,0.0,19.971333333333334,19.614111178795337,30
17,0.08232349766272194,0.07661726151756396,0.0,20.03177777777778,19.663277228178053,30
18,0.08395938946119914,0.07702578971552194,0.0,20.160888888888888,19.74628278373361,30
19,0.08399382747526479,0.07809339894719121,0.0,20.16444444444444,19.805477228178056,30
20,0.08424148326253039,0.07813486708254173,0.0,20.196666666666665,19.81449636398052,30
21,0.08425204891748901,0.07837027650228466,0.0,20.228000000000005,19.84369574669657,30
22,0.08390441426565316,0.0784164987369657,0.0,20.238000000000003,19.855111178795337,30
23,0.08441322216419014,0.07825306728232716,0.0,20.29177777777778,19.890922198778302,30
24,0.08541734204718161,0.07865035076007414,6.190040925596878e-05,20.359333333333336,19.95703249995847,30
25,0.08570131092543863,0.07929722497861774,8.960104799095374e-05,20.38,20.008505957263417,30
26,0.08569049710599698,0.07951175247820047,8.960104799095374e-05,20.38,20.027666788781403,30
27,0.08536862231105233,0.07955658342656163,8.960104799095374e-05,20.367333333333338,20.02048593177833,30
28,0.08706434171735647,0.07938176382308826,8.960104799095374e-05,20.455111111111112,20.072434719324384,30
29,0.08922301003531082,0.08047970655742791,8.960104799095374e-05,20.59733333333333,20.15848972992057,30
30,0.09118566367380528,0.0819361180075425,8.960104799095374e-05,20.71933333333333,20.29324372866606,30
31,0.09338389151075631,0.08330062032197688,8.960104799095374e-05,20.842222222222222,20.432339987437327,30
32,0.09556796781378084,0.08478562920145505,0.00011367930779145119,20.92866666666667,20.52223479209063,30
33,0.09748660143407314,0.08625279831541582,0.00013775756759194866,21.005333333333336,20.582637659142527,30
34,0.09993916894655061,0.08761115278308589,0.0002062130178190859,21.130000000000003,20.671880100621948,30
35,0.10135595581649301,0.0893134340885051,0.00025963703282247836,21.20088888888889,20.756908154318644,30
36,0.10252266009986455,0.09034700222182106,0.0002977187040384143,21.288222222222224,20.85083507739079,30
37,0.1038334064871519,0.09131573084926735,0.00037000575750703693,21.37177777777778,20.94138971976046,30
38,0.10489717161565686,0.09232579857337156,0.00038869662787748216,21.42177777777778,21.00591400230378,30
39,0.10636523704686186,0.09313714844875783,0.00044147462782207826,21.516888888888893,21.09108707807669,30
40,0.10849815307266088,0.09427043820985886,0.0005825148953465355,21.64088888888889,21.19570616634561,30
41,0.11066607413463611,0.09589475252945559,0.0008475368751073826,21.764000000000003,21.31312667862234,30
42,0.11160814945098689,0.09759171467178761,0.0010486401092209068,21.83755555555556,21.411442862963835,30
43,0.11145691738709367,0.09846972305075338,0.0010486401092209068,21.875555555555554,21.461645559287135,30
44,0.11102800651418115,0.09863438028292566,0.0011167615831866391,21.84111111111111,21.474808696589545,30
45,0.11103754679992213,0.09847157775280665,0.0011437229854703878,21.859555555555556,21.460013902690932,30
46,0.11014083741349463,0.0986953966290575,0.0012079993324039973,21.815333333333335,21.436460679043066,30
47,0.10833555757647298,0.09832944095348596,0.0011839210726035001,21.754222222222225,21.38362018976153,30
48,0.10683672193942871,0.09734324341491438,0.0011598428128030025,21.694222222222223,21.323567882133737,30
49,0.10622913203521535,0.09655376364821745,0.0011201141347995313,21.69488888888889,21.28520953373369,30
50,0.10757328378935092,0.09635827673070753,0.0011318604085969334,21.800222222222217,21.341645561093014,30
51,0.1087876785246916,0.09744916900572478,0.001186927206152604,21.860444444444443,21.404989912612375,30
52,0.10906901111773762,0.09845472212540247,0.0012218600788060272,21.83488888888889,21.432856442325292,30
53,0.11001639568813963,0.09885371207944725,0.0013938094414004865,21.911555555555555,21.46995715194697,30
54,0.11085244029202768,0.09975738405668325,0.0016180554456214071,21.976888888888887,21.52631555821899,30
55,0.11055180947993501,0.10064915465553634,0.0017113952202430407,22.005333333333333,21.553504111188534,30
56,0.11050378966147208,0.10078982422851561,0.0015882710510635692,22.06933333333333,21.589989489718786,30
57,0.1122459688480962,0.10114607571122948,0.001493976032951399,22.213111111111107,21.682987004797777,30
58,0.11474174337005567,0.10268952138645068,0.0015937302821247095,22.369999999999997,21.84576670561553,30
59,0.11632861395143738,0.10463089185930793,0.0017543218038051469,22.49711111111111,22.037279622527446,30
60,0.11761650342218352,0.10610951274961503,0.0019785802289631967,22.586222222222222,22.15789826659795,30
61,0.12216959648713963,0.10728160306435579,0.0024843986516372265,22.80888888888889,22.295520530058617,30
62,0.12860634557840256,0.11067214831125716,0.0036567866172157477,23.114888888888892,22.531671844318794,30
63,0.1344987607996292,0.11560165074596408,0.004978704032300677,23.388222222222222,22.79956097953956,30
64,0.14003366563268332,0.12025473775328667,0.006145339428093854,23.65577777777777,23.042213720065945,30
65,0.14515988698897436,0.12457364223375324,0.007477264864609678,23.90866666666666,23.289746433019086,30
66,0.14985806510163927,0.1286025239098084,0.008920362515010154,24.143111111111114,23.532528110249146,30
67,0.1555153438698301,0.13238169923178605,0.010541649570547722,24.476222222222226,23.760673458045353,30
68,0.1616354624978646,0.13697701652049502,0.012560912337136614,24.758444444444446,24.024763228237653,30
69,0.16714412398049797,0.14182043387301568,0.014539268911565751,25.00711111111111,24.223000769665102,30
70,0.17163860310179543,0.14633724571126328,0.016551417045288345,25.238222222222223,24.445440027096254,30
71,0.17502234409059333,0.1500460267428307,0.0180928647525359,25.383777777777777,24.619355974646982,30
72,0.17941613982011145,0.1526185650436146,0.02007594310598945,25.577555555555552,24.742536360948765,30
73,0.18350152708811523,0.1561906225150457,0.022709036914760772,25.767555555555557,24.88571400348952,30
74,0.18831856445911968,0.15983662253061182,0.025153305251578693,26.027333333333335,25.01471067378574,30
75,0.1907954810539171,0.16392184890537032,0.026775937664019964,26.237333333333332,25.216584524086233,30
76,0.19023543866530088,0.1661360561127288,0.027584334680816315,26.35,25.369154634109545,30
77,0.18954990262384272,0.1666143748451145,0.027995755745054685,26.446666666666665,25.45770431714219,30
78,0.18748705301274987,0.16664572348179202,0.028133664399772065,26.506222222222224,25.536421554315208,30
79,0.18393150561011742,0.1657981836967149,0.02784402178589122,26.494000000000003,25.562307855464798,30
80,0.18084352693147154,0.16429818217711084,0.027245932723814408,26.456888888888894,25.53317768033549,30
81,0.18061563851971607,0.16327254060939636,0.027073057568451065,26.50066666666667,25.51089893298108,30
82,0.1811922773751654,0.16435444386859457,0.02708480786264563,26.57,25.57202233235404,30
83,0.18275203052981473,0.16570369810419258,0.02766695950226177,26.669111111111114,25.64247596264692,30
84,0.1839269173878787,0.16777578795897233,0.02862083479433807,26.716666666666665,25.726734570300675,30
85,0.1851937864847907,0.1697972573116758,0.029078213147541523,26.753777777777774,25.73867935273488,30
86,0.1865177095917771,0.17131484069958944,0.029596241197406337,26.835999999999995,25.774367693231536,30
87,0.18619328395999235,0.1728710449720317,0.029785712391240716,26.862,25.83482995842591,30
88,0.185508536421379,0.17317779288374305,0.029632621218107925,26.90511111111111,25.852652733050643,30
89,0.18587438312410143,0.1733502895005772,0.03011310766223194,26.98288888888889,25.897037017441807,30
90,0.1898174157106762,0.1747869372206447,0.031630128111816654,27.159333333333336,25.982389190192333,30
91,0.19399393052912947,0.17905711224471788,0.03407761121518006,27.330666666666666,26.1212548360627,30
92,0.19660266233211213,0.18296437170814714,0.03598994734554081,27.411333333333335,26.217303396437707,30
93,0.20007416150067017,0.18566231527258611,0.038419488047914126,27.546222222222227,26.29191281950195,30
94,0.20394214063915428,0.18876027444407903,0.0410578703228834,27.72777777777778,26.43900005282156,30
95,0.20584727594111205,0.19203292883306936,0.04339555228203075,27.883555555555557,26.577883640754983,30
96,0.20781889145935037,0.19386718279344237,0.045600803164344166,28.050888888888892,26.708245434117114,30
97,0.20946301644442009,0.19572639854667562,0.048210084972382196,28.233333333333334,26.851234670075964,30
98,0.20858025742768677,0.19831977641239582,0.05066945548489943,28.296666666666667,26.965830508226727,30
99,0.20793645557765475,0.19862577962957345,0.05183208871794609,28.40177777777778,27.022598506802993,30
100,0.20967159181397277,0.19878257637586216,0.05360738396145611,28.578222222222223,27.141798548759102,30
101,0.21272765932889343,0.20129697142696085,0.05695468388814425,28.79466666666667,27.296701485083748,30
102,0.21518583346549588,0.20477265326747762,0.06017989527113944,28.96777777777778,27.449935248313047,30
103,0.21849212117628378,0.20771516476225835,0.06344009937003671,29.16444444444445,27.5893554340662,30
104,0.2222299554748774,0.21144350439551746,0.06762119082938486,29.358000000000008,27.765695146894487,30
105,0.22551165573179593,0.21522090612259331,0.07180526324377953,29.527777777777782,27.884254158768595,30
106,0.22671017972378923,0.21873173819132008,0.07572234495515537,29.65977777777778,28.001342464183907,30
107,0.22739763241950003,0.2202441829456832,0.07957507763190011,29.822222222222226,28.14378355644278,30
108,0.22988016188689062,0.22168250448745383,0.082585272839167,30.03666666666667,28.291789405116653,30
109,0.23382735257163703,0.22472996880749696,0.08706855984444178,30.257333333333335,28.442838196453852,30
110,0.2411257376745934,0.22888122751164738,0.0935271209335417,30.544,28.637293506281697,30
111,0.24539292526889514,0.23597486473308518,0.10017527782196907,30.793333333333337,28.850908792139826,30
112,0.24644212194610227,0.241148229666823,0.10511523575203535,30.92311111111111,28.986936167768786,30
113,0.24822819679098687,0.24265628343282908,0.10945689793993157,31.129333333333328,29.097862132457593,30
114,0.24892711985542795,0.24520294186292146,0.11416376259604286,31.33244444444444,29.264752450321875,30
115,0.24811645540733232,0.24685750542875745,0.11873729006654705,31.515111111111104,29.41667021736589,30
116,0.2476647753052111,0.2473419879656768,0.1228773274984415,31.696888888888886,29.556036391005158,30
117,0.25043021009174876,0.24930040790855956,0.12854760211713004,31.95333333333333,29.71734807557966,30
118,0.25456512907697737,0.25364168750249133,0.13513860680223275,32.18888888888889,29.9143567580789,30
119,0.25542361949400577,0.2589349328940146,0.14040274149589088,32.35177777777778,30.058730470186422,30
120,0.2535142948166349,0.2609060883940861,0.1442930680864924,32.425555555555555,30.180344440442187,30
121,0.2544893792028552,0.2597720724500412,0.1473250436754502,32.59111111111111,30.265746259519588,30
122,0.25442369304988627,0.26240861462412013,0.15124989083925008,32.74733333333333,30.361874311053317,30
123,0.25344410917912924,0.26398505486750967,0.15594952098219084,32.86644444444445,30.488072360505857,30
124,0.25322554570881145,0.2648646076302476,0.16010300922327103,33.022222222222226,30.609959770369645,30
125,0.25195817245495444,0.2670629065889073,0.16456466308908574,33.156222222222226,30.749215001312166,30
126,0.25417553360126016,0.26779643989776003,0.16924912064242267,33.32333333333333,30.878823635447603,30
127,0.25864133029960185,0.2717313980290683,0.17586966442546165,33.54088888888889,31.044751293612528,30
128,0.2624858757384848,0.27685292380265547,0.1817404257416587,33.75844444444444,31.21637934846692,30
129,0.26792144602656265,0.2818643288330402,0.18900266227563103,33.980000000000004,31.40115124202554,30
130,0.2721458117622941,0.28802077715235747,0.19583683285702808,34.16755555555555,31.58098969338821,30
131,0.27374865476969756,0.29257658327972613,0.20134744428902096,34.31155555555555,31.71756956665791,30
132,0.2730218442816358,0.29481080541572874,0.20592869052840065,34.403111111111116,31.82874679727886,30
133,0.26948140666429893,0.2947403045160962,0.20994408763905215,34.488888888888894,31.924346497060974,30
134,0.26908917284872047,0.29311141630194015,0.2135721855795049,34.62444444444444,32.023449038486966,30
135,0.26853038286436803,0.2948450728564011,0.21711697311758957,34.73733333333333,32.12386998742114,30
136,0.26657762090523046,0.296519497495684,0.21939150145966535,34.779111111111106,32.1812444495856,30
137,0.26728881888855394,0.2960670847170536,0.22231734376751125,34.88355555555555,32.25149376420843,30
138,0.2679701295814216,0.2978224791877599,0.2253167048053954,34.99822222222222,32.31960545371297,30
139,0.2672282562022357,0.3001528475167399,0.2287051849333109,35.075333333333326,32.397711111639026,30
140,0.2660571633455636,0.3005457584334098,0.23034652903607045,35.12488888888889,32.435847974931704,30
141,0.2657860208815721,0.30104967970642604,0.2335015321190928,35.203111111111106,32.512075080743486,30
142,0.2669445609826077,0.30118881724179397,0.23714359996587836,35.327555555555556,32.607549523881154,30
143,0.2709366391404445,0.30391374219494166,0.24221145082147613,35.48111111111111,32.730491535654274,30
144,0.2746814712932482,0.3082078660407975,0.24720426726949316,35.654,32.86039937732026,30
145,0.2813338470069564,0.3126252464983012,0.25387425925519336,35.87155555555555,33.020845130395614,30
146,0.28924296148536316,0.3202992071687121,0.2618523879232932,36.10111111111111,33.214497541669424,30
147,0.29691978480290887,0.32827601183196475,0.2694637442603559,36.34177777777778,33.40288536547569,30
148,0.30612951013834233,0.33686006669937646,0.2763545192988148,36.57711111111111,33.57113742318882,30
149,0.3140842475070904,0.3463081616459966,0.28429369708268143,36.821111111111115,33.76190640164975,30
150,0.3227167344804887,0.3548762123015669,0.2934376858674825,37.10688888888889,33.98784031893495,30
151,0.330327349175523,0.3642199927683056,0.3022828346939679,37.37466666666666,34.210852436472905,30
152,0.33840730759864074,0.37266202403544324,0.31039153327322694,37.63511111111111,34.422670461634375,30
153,0.3453245714490094,0.38180662108662217,0.3192322314275888,37.87288888888889,34.6495842543761,30
154,0.3516661451927625,0.38896521526061645,0.3272965816779534,38.09377777777778,34.850042240631765,30
155,0.3574104159689012,0.39578306871623004,0.33469888059332414,38.31911111111112,35.03065836532978,30
156,0.36095773327174935,0.4020777397491668,0.3404650541225786,38.48266666666667,35.169809868583,30
157,0.364394379394479,0.40681671362233807,0.34557063941052457,38.64,35.29234391549371,30
158,0.3666661200281172,0.41132076864720823,0.35096681221617904,38.781777777777776,35.421852062829416,30
159,0.36925662763286493,0.4151359677192109,0.3557556517326105,38.91466666666666,35.536784211223775,30
160,0.3703709488920916,0.41951642321973076,0.35947640459127367,38.99422222222223,35.62710275416623,30
161,0.3721963337215925,0.42228216249779515,0.36282910622669834,39.08066666666666,35.70756759341642,30
162,0.3767251257735706,0.4256420333745577,0.3672392955169412,39.21222222222222,35.81341213638224,30
163,0.38228520492410045,0.43144081950814633,0.37330749633419025,39.355333333333334,35.959048955996224,30
164,0.38914695604662203,0.43751696934838435,0.3795057356395616,39.49777777777778,36.10785782151324,30
165,0.39779861450718645,0.4443095184828408,0.38558544897924346,39.69355555555556,36.25377094166561,30
166,0.40763363305421507,0.45291460172895187,0.39427179141979873,39.912444444444446,36.462522994075165,30
167,0.4152407393185608,0.4622261050115852,0.402071686720625,40.086444444444446,36.649720481295,30
168,0.4259330836397753,0.4695820277691677,0.4096323449498495,40.303111111111114,36.83117627879639,30
169,0.43840309960376617,0.4799241880410677,0.41833920961809173,40.540888888888894,37.04014103083421,30
170,0.4507033414375175,0.4915384907245688,0.4282995530013103,40.76511111111112,37.279189272031445,30
171,0.4620199492884712,0.5023578600909929,0.4379685722802853,40.975777777777786,37.51124573472685,30
172,0.4738665021151144,0.5125822669731419,0.4477460498776023,41.17755555555555,37.74590519706246,30
173,0.484663731371451,0.5229058522863379,0.4574572123931781,41.34644444444445,37.978973097436274,30
174,0.4946592737796523,0.5318324947440086,0.46754819045633167,41.485777777777784,38.221156570951955,30
175,0.5045511781610804,0.5391985575243271,0.47650736288003886,41.64888888888889,38.436176709120936,30
176,0.5139779475065785,0.5470052010753006,0.4856525749304018,41.79955555555556,38.655661798329646,30
177,0.5193926532723304,0.5543833259143012,0.49346616876998506,41.86311111111111,38.84318805047964,30
178,0.5217881117261469,0.5576520623786667,0.49932823609218785,41.88022222222222,38.983877666212514,30
179,0.5220749507527941,0.5582503904417226,0.5044911898170359,41.855333333333334,39.10778855560886,30
180,0.5240719902062341,0.5567532232584679,0.5102849307986005,41.85600000000001,39.24683833916641,30
181,0.5281191300246078,0.5566361241663141,0.5166108888869186,41.90022222222222,39.39866133328605,30
182,0.5329328800309635,0.5588819096300575,0.5243515838366094,41.937333333333335,39.58443801207863,30
183,0.5343901620082523,0.5609275731428589,0.5299606209272,41.92422222222222,39.71905490225279,30
184,0.5336187213394938,0.5605880505386733,0.5342202819496076,41.87177777777777,39.82128676679058,30
185,0.5334116935781307,0.5579945011602647,0.5381875233970046,41.833555555555556,39.91650056152811,30
186,0.5336170525458557,0.5561635524342846,0.5422706726193903,41.796,40.01449614286537,30
187,0.5341540138185196,0.5547163715369426,0.5459027940538324,41.7751111111111,40.10166705729198,30
188,0.5334386621689189,0.5535120554758699,0.5488167247253318,41.73866666666666,40.17160139340796,30
189,0.5305207542574288,0.551709863760962,0.5498772066447695,41.68066666666667,40.19705295947447,30
190,0.5291951121616024,0.548880668610341,0.5524188988008188,41.63355555555556,40.258053571219655,30
191,0.5270729976368427,0.5464935034635955,0.5546464964456308,41.571333333333335,40.31151591469514,30
192,0.5256042540866358,0.5433309425874004,0.5555914113460683,41.53044444444445,40.33419387230563,30
193,0.5263925486842231,0.5415306261031784,0.5573471971021603,41.524444444444434,40.37633273045184,30
194,0.5272655220269323,0.541494015687342,0.559423355161591,41.532,40.42616052387818,30
195,0.5247642394877666,0.5416481976536843,0.5605868379247063,41.477333333333334,40.45408411019295,30
196,0.5215695125800339,0.5388787555924901,0.5606765173859737,41.409555555555556,40.45623641726336,30
197,0.519382383855447,0.5354916340938372,0.5604156724241814,41.37266666666666,40.44997613818035,30
198,0.5174189258856089,0.5334859008284802,0.5622892962262837,41.31355555555555,40.49494310943081,30
199,0.5184623899476067,0.5304463345469002,0.5648011096687605,41.29911111111111,40.55522663205025,30
200,0.5193384976892531,0.5301333492016127,0.5667732682115165,41.29311111111111,40.6025584370764,30
201,0.5197669093579086,0.5299750027871107,0.5688230685479998,41.285333333333334,40.65175364515199,30
202,0.519181014330734,0.5293527395804222,0.5707938247465767,41.25,40.69905179391783,30
203,0.5164442307782119,0.5279016501311585,0.57053790928716,41.18244444444444,40.692909822891835,30
204,0.5146591210094303,0.5245218922787789,0.5708385815978413,41.122,40.70012595834818,30
205,0.5134464301847698,0.5214288885959079,0.5714571827265417,41.07733333333332,40.714972385436994,30
206,0.5128415861340068,0.5193049218749306,0.5711161876016434,41.05222222222222,40.70678850243944,30
207,0.5154772639442549,0.5183704977351585,0.5744198791079768,41.065111111111115,40.78607709859144,30
208,0.5174866689721684,0.5189571318020069,0.5770530854105742,41.07066666666666,40.849274049853776,30
209,0.5201530061746821,0.5197462333783014,0.5790483679713191,41.084666666666664,40.89716083131165,30
210,0.5243173610579455,0.5213006806893243,0.580739915675159,41.146222222222235,40.93775797620381,30
211,0.5238758224638962,0.524631601312757,0.5810063258188056,41.120000000000005,40.94415181965133,30
212,0.5231108852355287,0.5237427418450178,0.5804811625167267,41.096000000000004,40.93154790040144,30
213,0.5226101760939375,0.5223987672214516,0.5787172347275085,41.08711111111111,40.889213633460194,30
214,0.5195896037460845,0.5218169220700475,0.5766695319619494,41.0508888888889,40.84006876708679,30
215,0.5157782302246702,0.5194675541505313,0.5744519949777789,41.00111111111111,40.7868478794667,30
216,0.5140866096700819,0.5165490729910893,0.5727489026713924,40.972444444444456,40.74597366411342,30
217,0.5122191263232839,0.514774904633019,0.5724604269155401,40.93266666666667,40.73905024597296,30
218,0.513360088106342,0.5122496187709296,0.5733899981768246,40.94577777777777,40.761359956243794,30
219,0.5166577569994835,0.5127695762918641,0.5748513023553659,40.99911111111111,40.79643125652878,30
220,0.5157719070382929,0.5153386128871816,0.5745600712289457,40.98177777777778,40.78944170949469,30
221,0.5151260114031844,0.5143593549956644,0.5748914943179435,40.970222222222226,40.79739586363065,30
222,0.5150382372827264,0.5132214635905084,0.5739758875886712,40.96955555555556,40.7754213021281,30
223,0.512775184561526,0.5130188963984892,0.5726349757960599,40.93711111111111,40.743239419105436,30
224,0.5076603754904139,0.5109064345947834,0.5701688373509018,40.84977777777778,40.684052096421645,30
225,0.5047217834176375,0.5061095130141319,0.567819784018736,40.80488888888888,40.62767481644966,30
226,0.5057924652135688,0.5034028854084451,0.5678477067099644,40.819111111111106,40.62834496103914,30
227,0.5042980633794075,0.5037258126214749,0.567669999535732,40.78266666666666,40.62407998885757,30
228,0.5039813158767912,0.5019284551464454,0.5675757376167677,40.76444444444444,40.621817702802424,30
229,0.5019822296195985,0.5012464459031402,0.5672059880217319,40.68755555555556,40.61294371252156,30
230,0.4988362826994583,0.49817078595265446,0.5649245540058455,40.604888888888894,40.558189296140284,30
231,0.49470685065106373,0.4947296079667302,0.5619791018128328,40.528000000000006,40.487498443507995,30
232,0.4914832547303983,0.4908609050641007,0.5573506238044791,40.46244444444445,40.37641497130749,30
233,0.4902514693720903,0.48864747480793186,0.5547027100043669,40.43999999999999,40.312865040104796,30
234,0.48858606960719847,0.4880601352785366,0.5522830871180024,40.39688888888888,40.25479409083205,30
235,0.48800144595992034,0.4864920914022484,0.5498159891873478,40.37311111111111,40.195583740496346,30
236,0.486619468826938,0.4859973602554586,0.5472092467294795,40.32577777777778,40.133021921507506,30
237,0.48112621638359715,0.4843304362369449,0.5424253021834733,40.22955555555555,40.018207252403364,30
238,0.4761028176683363,0.479702266065373,0.5379613698882857,40.14533333333333,39.91107287731885,30
239,0.4753993341089304,0.47525672738423075,0.5345556382612305,40.13977777777777,39.829335318269536,30
240,0.47278857962056997,0.4747652943316705,0.531922279122902,40.08488888888889,39.76613469894964,30
241,0.46553363496581174,0.4722989856560958,0.5274985085783985,39.960666666666675,39.659964205881565,30
242,0.4615460156716546,0.46610192472544393,0.5219843610682136,39.912222222222226,39.52762466563713,30
243,0.45568374370304954,0.46335686658104064,0.5171512819904703,39.833999999999996,39.41163076777129,30
244,0.4515840620871293,0.4589704064731459,0.5112643024272009,39.775333333333336,39.27034325825283,30
245,0.444993220291563,0.4565462452288581,0.5056767780782463,39.64933333333333,39.13624267387791,30
246,0.437509213601796,0.4506677842742304,0.4988899427493539,39.52311111111112,38.97335862598449,30
247,0.4280079299025609,0.44461127429297925,0.49151270750938614,39.39622222222223,38.796304980225266,30
248,0.41942672749635196,0.4373584744850208,0.48329304218156,39.25,38.599033012357445,30
249,0.41041307364473506,0.4305855217073314,0.4741449693177419,39.11533333333333,38.379479263625804,30
250,0.40280372206243087,0.42397212413144875,0.46562722899682335,38.99977777777779,38.17505349592376,30
251,0.3947872405464524,0.41806458252207596,0.45749951192534805,38.87511111111111,37.97998828620836,30
252,0.3866808579607955,0.41165551113550564,0.44976661319597333,38.74444444444444,37.79439871670336,30
253,0.3792327016224044,0.40486206626346866,0.4410639445664914,38.61933333333333,37.585534669595795,30
254,0.37052396322128617,0.3987906264572883,0.43243623545219945,38.48733333333334,37.37846965085279,30
255,0.3613151488785695,0.3920763370786801,0.42359312757833345,38.35266666666667,37.16623506188001,30
256,0.3557258620934619,0.3847341233634007,0.4158786027822325,38.28133333333333,36.98108646677358,30
257,0.34763869103316486,0.38083162286897376,0.40839867962444126,38.11711111111112,36.801568310986596,30
258,0.3416474925475646,0.37428512274103176,0.4003363287411507,37.978,36.608071889787624,30
259,0.33441658638245797,0.36873966797213337,0.3917362496755026,37.836000000000006,36.40166999221207,30
260,0.3311912384649412,0.3621671647316308,0.38329240922605157,37.76466666666666,36.199017821425244,30
261,0.3277946030633521,0.35981576695620393,0.37620572197434027,37.690222222222225,36.02893732738416,30
262,0.3266613533648915,0.3570677076841766,0.3709545693834863,37.65444444444445,35.90290966520367,30
263,0.3218087370095366,0.35620720080255397,0.36489656995961484,37.563333333333325,35.75751767903076,30
264,0.31774863275924103,0.35244809127578236,0.35858626297411444,37.46,35.606070311378744,30
265,0.3149688699792429,0.3487042313413643,0.35291136334738504,37.379333333333335,35.46987272033724,30
266,0.3123544516478234,0.34615789365027044,0.3471020494653374,37.29044444444444,35.3304491871681,30
267,0.3084375590731808,0.3433883142650481,0.3399150319645999,37.15866666666667,35.15796076715039,30
268,0.3031969808019446,0.339535548170933,0.3327883156619565,37.01377777777778,34.98691957588696,30
269,0.2980041268243409,0.3345804066373736,0.3262536403845733,36.86844444444444,34.823160208735935,30
270,0.29119060176576217,0.3293846072430048,0.3182503894096625,36.681111111111115,34.631082185338066,30
271,0.2825301346845043,0.32272188108129696,0.30760781576093665,36.4,34.37566041776865,30
272,0.2743295914046583,0.31352470302388546,0.296206565099956,36.144666666666666,34.0979155870903,30
273,0.2645112229870972,0.3050712268805292,0.2835432538459422,35.848444444444446,33.78489625885635,30
274,0.2582367891609746,0.2960695326189319,0.2730500657350621,35.660444444444444,33.517072857429206,30
275,0.2526649270401183,0.2909314666595208,0.2652849053941558,35.473333333333336,33.32923555245733,30
276,0.24711905453644972,0.28584832969287255,0.25591487727741774,35.23155555555555,33.10388935219077,30
277,0.2412203792910925,0.28081852030291093,0.24564523186866835,34.955999999999996,32.85308813116605,30
278,0.23583573694518425,0.2741300751515899,0.23529056462683004,34.67377777777777,32.588265006250815,30
279,0.2301129999324995,0.26686755750689284,0.2260699782056562,34.39755555555555,32.345828554466046,30
280,0.22282814770785656,0.2604015706507966,0.2156821489508187,34.101111111111116,32.07834349185612,30
281,0.21537027454636612,0.25205177082909913,0.2054199076559263,33.81933333333333,31.81051580089565,30
282,0.21055191663521175,0.2449377355514977,0.19656056293501312,33.571555555555555,31.56393463458538,30
283,0.20688492469469874,0.2398679708335104,0.1883935143462934,33.32666666666667,31.338498326626805,30
284,0.20225124716347131,0.23528987330471343,0.17889806029176478,33.04822222222222,31.090079989231167,30
285,0.199729164619117,0.22961787609524648,0.1703822880220988,32.836888888888886,30.873348986405404,30
286,0.19922872093130986,0.22586500638630497,0.16467442851086603,32.70288888888888,30.735157631570576,30
287,0.19885787119944784,0.22470704692750212,0.15980629046240397,32.57355555555555,30.60295101652174,30
288,0.19920607533592702,0.2237054655687531,0.15544776793888246,32.44888888888888,30.478868556317067,30
289,0.19901947255894,0.22320499346150655,0.15055442667026736,32.26288888888888,30.330854351031114,30
290,0.19814888586443524,0.22144957770697365,0.14449009059207388,32.072444444444436,30.149700019137956,30
291,0.19543032996622486,0.21922593963055725,0.13862159906520521,31.862666666666666,29.968293038986477,30
292,0.18965364285096037,0.21497954516321835,0.13124939440470798,31.568888888888885,29.750282554309912,30
293,0.18484609679784278,0.2086352319333842,0.12355321971878808,31.293999999999997,29.52315705131194,30
294,0.18008536498929387,0.20379748495810443,0.11603409963814706,30.995111111111108,29.2763577218185,30
295,0.17484627335355912,0.19844259049649876,0.10891133616258711,30.670444444444442,29.001434155143077,30
296,0.17049973873744778,0.19387392407176712,0.10098672055952024,30.33822222222222,28.709102219393035,30
297,0.16635909024588125,0.18948146932733698,0.09313946962980726,30.035999999999998,28.459315005088936,30
298,0.16318382452447053,0.1854634502987707,0.08563229756367281,29.734888888888886,28.214492239553234,30
299,0.16293213083000985,0.18202018297555117,0.07926838246074297,29.499555555555556,28.010134197383984,30
300,0.16277453278301046,0.180837196233433,0.07380692998624468,29.24422222222222,27.808450978643656,30
301,0.16160236668192776,0.17989672536417117,0.06756097599806248,28.955777777777776,27.55640534230688,30
302,0.16152325407633017,0.17837150535795146,0.06211139772196956,28.65111111111111,27.32016203798407,30
303,0.16418072966821298,0.17700621216510673,0.058094201850250486,28.459777777777777,27.13260995629597,30
304,0.16379783446455065,0.17712109869834097,0.05367217364820727,28.227555555555554,26.96636369486227,30
305,0.16319068036066092,0.17529039474018276,0.04919410198253929,28.002,26.79460095458988,30
306,0.16293093826895888,0.17321247250425176,0.045055018842172896,27.78644444444444,26.63608177137311,30
307,0.1627131431533656,0.17189495273137875,0.04143249267968967,27.57622222222222,26.462885266364943,30
308,0.16145118683218637,0.17091192429227142,0.03835793398722743,27.31577777777778,26.249701593138195,30
309,0.15920152648624875,0.16906629815760074,0.03488244389006988,27.044666666666668,26.024056178576902,30
310,0.15796150082994612,0.16648682797854392,0.03179409090205092,26.830222222222222,25.85181073518845,30
311,0.15746802938320142,0.1644288209963523,0.029323226956665567,26.633111111111113,25.679755323900114,30
312,0.15717609718409717,0.16266692336449667,0.027492617797911307,26.451999999999998,25.541985182869595,30
313,0.15596273450568574,0.1609524689523117,0.02566311498137499,26.252444444444443,25.38740454678647,30
314,0.15309319895249032,0.15896505993615742,0.02343563866157159,26.022444444444442,25.18723460527035,30
315,0.14991049031291362,0.15576884055756343,0.02079450109261485,25.79422222222222,24.98977208267367,30
316,0.14938012663847566,0.1522642607477324,0.018856891212949846,25.652888888888885,24.862960576970774,30
317,0.14827524374281867,0.15039243873178168,0.017250674215552764,25.549999999999997,24.745096973059105,30
318,0.14375735638974022,0.14844632771813646,0.014925998726652031,25.331555555555553,24.598996827704614,30
319,0.1400731893372847,0.1444555294389872,0.012931687710476963,25.093333333333337,24.405099206578242,30
320,0.1358428957845385,0.14091690430721973,0.010883672540823673,24.81511111111111,24.166342011599376,30
321,0.13264529709835354,0.13701167380091633,0.00943543659591035,24.559777777777775,23.921228779646963,30
322,0.12988136130886122,0.13368866854004288,0.00833052456917236,24.311555555555554,23.692446911659363,30
323,0.1281094227927088,0.13075233814204276,0.007321986228735815,24.162666666666667,23.521459880865716,30
324,0.12634526006323676,0.12872485674220485,0.006528995425116991,24.000222222222224,23.38378964077142,30
325,0.12347293172520625,0.1266590808956994,0.005665258707125779,23.753999999999998,23.178806143500484,30
326,0.12000058567299572,0.12360585700152722,0.004977277817277225,23.480444444444444,22.937701857995417,30
327,0.11579480414487381,0.12040614253724272,0.004294114254036049,23.165777777777773,22.64528269516897,30
328,0.11236678777484414,0.11666647965248197,0.0037756687292872944,22.915999999999997,22.38504705207363,30
329,0.108335895895111,0.11346071227515447,0.003298165366128506,22.632666666666662,22.137301635607376,30
330,0.10450009713044987,0.10984544927831394,0.0028627661929693992,22.363333333333333,21.881980832590518,30
331,0.09921597109707735,0.10622538749207408,0.0022440363777014296,22.061111111111114,21.61506034415869,30
332,0.09437221013218032,0.10173679430442199,0.0016781503283697435,21.734888888888893,21.345453387716386,30
333,0.09084007355163665,0.09756207929823774,0.0013129046991947242,21.45555555555556,21.072195918115025,30
334,0.08791348845439385,0.09440147849565754,0.0009082376995533924,21.232000000000003,20.842353960459082,30
335,0.08522225888906171,0.0916447519952793,0.0007938667836334265,21.009777777777778,20.633661941129166,30
336,0.08306214562961492,0.08916492415010771,0.000517390854515652,20.823777777777778,20.452996317769678,30
337,0.08156616974127524,0.08707576611632946,0.00039397154594650655,20.699555555555555,20.320474680437066,30
338,0.0789551164142376,0.0854961942562887,0.00022686775243765752,20.49777777777778,20.170189973925005,30
339,0.07720209604899592,0.08320105484204195,1.5074751392137834e-05,20.346222222222227,19.99132052214683,30
340,0.07638002500408826,0.0815618845442743,3.915176483760295e-06,20.238000000000003,19.857843908511335,30
341,0.0758364534497892,0.08056234062460556,0.0,20.170444444444446,19.79290390766449,30
342,0.07458202507607924,0.07978967152037497,0.0,20.06888888888889,19.704575220328707,30
343,0.07340094462588498,0.07861535908466091,0.0,19.93177777777778,19.580515430674343,30
344,0.07269889079215873,0.07739919728763536,0.0,19.830444444444442,19.466074462124716,30
345,0.07178158111654281,0.07654095886612645,0.0,19.730666666666664,19.386574326226206,30
346,0.07090168132659964,0.07555544193566517,0.0,19.587999999999997,19.25323914104102,30
347,0.07008075378908582,0.07454512110568973,0.0,19.501333333333335,19.136667536102745,30
348,0.06811480774372297,0.07366582711846627,0.0,19.322000000000003,19.014005190423735,30
349,0.06688902434761576,0.0719718481977029,0.0,19.167555555555555,18.857994696596577,30
350,0.0655371408537762,0.07078235878844681,0.0,19.00711111111111,18.708245931164477,30
351,0.06419149091015211,0.06953796733250915,0.0,18.89488888888889,18.572908264985756,30
352,0.06284159669533546,0.06831179050771312,0.0,18.75288888888889,18.43029253027073,30
353,0.06195067672427982,0.06704069948364742,0.0,18.635555555555552,18.27574253027073,30
354,0.060837412672292396,0.06608938777340247,0.0,18.521555555555555,18.143607345085545,30
355,0.05994805344435596,0.06504508106253826,0.0,18.40533333333333,18.013398085826285,30
356,0.05880237991124061,0.06416995580448973,0.0,18.277111111111108,17.88198327101147,30
357,0.05923605250233548,0.06316169315581252,0.0,18.273333333333333,17.824823394468257,30
358,0.05919537519546929,0.06316505869391298,0.0,18.24711111111111,17.800757345085547,30
359,0.05843675333335599,0.06330169032126962,0.0,18.191,17.80571959876543,30
360,0.05848600376510458,0.06283257824193829,0.0,18.138555555555556,17.734860956790122,30
361,0.05962499740224256,0.06265719126391908,0.0,18.212111111111106,17.762368981481483,30
362,0.05971774008788791,0.06331935193722077,0.0,18.210777777777775,17.789881944444446,30
363,0.06120270808332497,0.06329994440154305,0.0,18.30922222222222,17.852120216049386,30
364,0.062020876551251415,0.06414217640640728,0.0,18.382999999999996,17.936545524691358,30
365,0.06304707610604351,0.06458545900415077,0.0,18.46033333333333,18.01625725308642,30
366,0.06411194682117029,0.06516580484920655,0.0,18.515444444444444,18.08535787037037,8
