date,tmax,heat_index,risk
2023-04-01,27.2,26.297777777777785,0.0
2023-04-02,21.7,23.33166666666666,0.0
2023-04-03,15.0,18.316666666666666,0.0
2023-04-04,25.6,25.808611111111112,0.0
2023-04-05,30.0,30.052721355555555,0.12719672314814812
2023-04-06,28.3,29.10017681673787,0.08750736736407798
2023-04-07,25.0,25.665000000000003,0.0
2023-04-08,11.7,18.825833333333335,0.0
2023-04-09,18.9,18.316666666666666,0.0
2023-04-10,19.4,18.685000000000006,0.0
2023-04-11,22.8,22.22888888888889,0.0
2023-04-12,25.6,25.11666666666666,0.0
2023-04-13,18.9,22.753888888888884,0.0
2023-04-14,21.1,20.926944444444448,0.0
2023-04-15,26.1,26.007222222222232,0.0
2023-04-16,22.8,23.184722222222216,0.0
2023-04-17,20.6,19.91888888888888,0.0
2023-04-18,26.7,26.350000000000005,0.0
2023-04-19,28.3,27.005000477135567,0.00020835321398197473
2023-04-20,28.9,27.684918104495598,0.028538254353983234
2023-04-21,26.7,26.467500000000005,0.0
2023-04-22,21.1,23.054166666666667,0.0
2023-04-23,20.6,20.153888888888883,0.0
2023-04-24,20.0,19.367222222222217,0.0
2023-04-25,22.2,21.820833333333326,0.0
2023-04-26,16.7,19.6675,0.0
2023-04-27,16.7,16.737777777777776,0.0
2023-04-28,26.1,25.96805555555556,0.0
2023-04-29,23.3,23.184722222222216,0.0
2023-04-30,21.7,21.36111111111111,0.0
2023-05-01,20.0,19.367222222222217,0.0
2023-05-02,22.2,21.6511111111111,0.0
2023-05-03,21.7,21.178333333333338,0.0
2023-05-04,22.8,22.385555555555563,0.0
2023-05-05,17.8,20.166944444444443,0.0
2023-05-06,23.9,23.840833333333332,0.0
2023-05-07,28.3,28.89326381961784,0.07888599248407664
2023-05-08,27.2,27.884784716924493,0.03686602987185387
2023-05-09,28.3,30.026780984595675,0.1261158743581531
2023-05-10,28.9,28.78069813099559,0.07419575545814953
2023-05-11,27.2,27.8139038595378,0.03391266081407496
2023-05-12,24.4,25.612777777777776,0.0
2023-05-13,30.0,30.743255411111097,0.15596897546296237
2023-05-14,31.1,32.53139821281776,0.23047492553407345
2023-05-15,30.0,31.04908144444437,0.16871172685184868
2023-05-16,30.0,31.539548077777795,0.18914783657407477
2023-05-17,25.0,25.20472222222223,0.0
2023-05-18,21.7,24.08888888888888,0.0
2023-05-19,23.3,23.328333333333326,0.0
2023-05-20,24.4,24.613888888888894,0.0
2023-05-21,27.2,28.030491895751087,0.042937162322961964
2023-05-22,22.2,25.178611111111113,0.0
2023-05-23,22.8,22.594444444444452,0.0
2023-05-24,26.7,26.57194444444444,0.0
2023-05-25,27.2,26.629206586524436,0.0
2023-05-26,26.1,25.928888888888896,0.0
2023-05-27,25.0,24.617222222222225,0.0
2023-05-28,25.6,25.45611111111111,0.0
2023-05-29,23.3,23.184722222222216,0.0
2023-05-30,27.2,27.23515810385777,0.009798254327407108
2023-05-31,25.6,25.665000000000003,0.0
2023-06-01,28.3,28.41927290529559,0.059136371053982874
2023-06-02,30.0,29.576440311111114,0.10735167962962973
2023-06-03,31.1,29.745586538231123,0.11439943909296346
2023-06-04,27.8,28.577176604924507,0.06571569187185444
2023-06-05,27.8,28.76327423575113,0.07346975982296373
2023-06-06,31.1,31.846529894604444,0.20193874560851852
2023-06-07,30.6,30.406492212515545,0.14193717552148102
2023-06-08,28.3,28.50576934161565,0.06274038923398544
2023-06-09,27.8,26.952184976551163,0.0
2023-06-10,29.4,28.27729071411561,0.05322044642148368
2023-06-11,30.0,31.887677555555513,0.2036532314814797
2023-06-12,26.1,26.333611111111118,0.0
2023-06-13,25.6,25.53444444444444,0.0
2023-06-14,23.9,24.405,0.0
2023-06-15,27.2,28.751274357351114,0.07296976488962977
2023-06-16,31.1,31.5090838789956,0.18787849495815
2023-06-17,31.7,32.19925999255788,0.21663583302324488
2023-06-18,29.4,30.6159912848178,0.15066630353407495
2023-06-19,26.7,28.78770131289555,0.07448755470398123
2023-06-20,26.7,27.71250268391774,0.02968761182990587
2023-06-21,22.8,23.10361111111111,0.0
2023-06-22,26.1,26.333611111111118,0.0
2023-06-23,27.8,28.751274357351114,0.07296976488962977
2023-06-24,30.6,30.680156280497766,0.15333984502074025
2023-06-25,32.8,33.680797364284345,0.278366556845181
2023-06-26,32.2,35.286900788051064,0.345287532835461
2023-06-27,31.1,32.930913029315576,0.24712137622148234
2023-06-28,31.7,32.19925999255788,0.21663583302324488
2023-06-29,32.8,34.59215684108437,0.3163398683785153
2023-06-30,31.1,34.80727677236455,0.32530319884852305
2023-07-01,34.4,38.85491958937559,0.4939549828906496
2023-07-02,33.3,38.33124403731548,0.4721351682214783
2023-07-03,31.1,35.845619555884504,0.36856748149518764
2023-07-04,31.7,35.55203763279115,0.3563349013662978
2023-07-05,30.6,33.34978949943118,0.26457456247629924
2023-07-06,32.2,35.781684200924495,0.365903508371854
2023-07-07,31.7,34.80727677236455,0.32530319884852305
2023-07-08,32.2,34.7744635280245,0.32393598033435406
2023-07-09,31.1,32.930913029315576,0.24712137622148234
2023-07-10,30.0,31.887677555555513,0.2036532314814797
2023-07-11,31.1,32.39278539805116,0.224699391585465
2023-07-12,32.8,35.616047560835526,0.35900198170148023
2023-07-13,32.8,36.67203977659556,0.40300165735814836
2023-07-14,32.8,37.05415802092446,0.41892325087185256
2023-07-15,32.8,37.235683568124536,0.42648681533852234
2023-07-16,32.8,34.3537671678578,0.3064069653274082
2023-07-17,32.2,32.755005308284495,0.23979188784518732
2023-07-18,32.8,34.73444154748442,0.32226839781185096
2023-07-19,31.7,35.286900788051064,0.345287532835461
2023-07-20,35.0,39.36290717779544,0.5151211324081434
2023-07-21,33.3,38.16772704802459,0.46532196033435785
2023-07-22,28.9,31.015885100115636,0.1673285458381515
2023-07-23,31.7,32.76279694388453,0.24011653932852214
2023-07-24,31.7,32.56900581695783,0.23204190903990943
2023-07-25,32.8,34.3537671678578,0.3064069653274082
2023-07-26,34.4,37.21448419023117,0.4256035079262987
2023-07-27,36.1,36.98420724259553,0.4160086351081471
2023-07-28,34.4,37.598498363004396,0.4416040984585165
2023-07-29,34.4,38.17443465370449,0.46560144390435365
2023-07-30,32.2,36.343957807751195,0.38933157532296647
2023-07-31,33.9,35.22748101695786,0.3428117090399108
2023-08-01,33.9,33.89808742945776,0.28742030956074
2023-08-02,31.7,33.379843183571246,0.2658267993154686
2023-08-03,32.2,35.781684200924495,0.365903508371854
2023-08-04,30.6,34.722588831484536,0.321774534645189
2023-08-05,33.3,36.03057495519112,0.3762739564662967
2023-08-06,31.7,36.68049771557119,0.40335407148213304
2023-08-07,33.3,40.2929255059178,0.5538718960799084
2023-08-08,28.9,31.015885100115636,0.1673285458381515
2023-08-09,31.1,33.19595416537561,0.25816475689065044
2023-08-10,30.6,32.930913029315576,0.24712137622148234
2023-08-11,31.1,36.68049771557119,0.40335407148213304
2023-08-12,33.3,39.554438450015674,0.5231016020839864
2023-08-13,33.9,41.090860604495596,0.5871191918539832
2023-08-14,35.6,41.90100301223787,0.6208751255099113
2023-08-15,31.1,37.8871695441513,0.45363206433963743
2023-08-16,28.9,29.697203661351164,0.11238348588963183
2023-08-17,29.4,29.56310813900446,0.10679617245851913
2023-08-18,31.1,32.39278539805116,0.224699391585465
2023-08-19,31.1,31.5090838789956,0.18787849495815
2023-08-20,32.8,33.89808742945776,0.28742030956074
2023-08-21,35.0,37.83491347777776,0.45145472824074
2023-08-22,35.0,39.9103602111111,0.5379316754629624
2023-08-23,33.3,37.20667336761786,0.4252780569840775
2023-08-24,34.4,39.64739735793769,0.5269748899140705
2023-08-25,35.6,39.386496818595646,0.5161040341081519
2023-08-26,36.7,40.072912089197835,0.5447046703832431
2023-08-27,35.6,38.03229269063124,0.4596788621096349
2023-08-28,32.8,39.011986261617736,0.5004994275674056
2023-08-29,31.7,36.100147751724435,0.3791728229885181
2023-08-30,28.9,31.98403855947564,0.20766827331148496
2023-08-31,31.1,32.78368005370444,0.24098666890435153
2023-09-01,28.9,29.66075088801562,0.11086462033398418
2023-09-02,27.8,27.910757868995592,0.03794824454148301
2023-09-03,30.6,30.406492212515545,0.14193717552148102
2023-09-04,31.7,32.56900581695783,0.23204190903990943
2023-09-05,31.7,33.820934725784504,0.2842056135743543
2023-09-06,31.7,34.7744635280245,0.32393598033435406
2023-09-07,31.7,33.820934725784504,0.2842056135743543
2023-09-08,28.3,28.957169045315645,0.0815487102214852
2023-09-09,28.9,30.717955184364623,0.15491479934852595
2023-09-10,30.6,31.96842908860448,0.20701787869185337
2023-09-11,32.8,33.07112638487102,0.2529635993696259
2023-09-12,30.6,32.53139821281776,0.23047492553407345
2023-09-13,28.3,30.28317007140459,0.13679875297519128
2023-09-14,25.0,25.873888888888885,0.0
2023-09-15,23.3,23.45888888888889,0.0
2023-09-16,21.1,22.369166666666658,0.0
2023-09-17,27.2,27.543531976835535,0.02264716570148062
2023-09-18,26.1,26.02027777777778,0.0
2023-09-19,27.2,27.065915636284476,0.0027464848451865067
2023-09-20,26.7,26.65027777777778,0.0
2023-09-21,27.2,27.35456218899553,0.014773424541480415
2023-09-22,27.2,27.35456218899553,0.014773424541480415
2023-09-23,28.3,27.932119356095637,0.038838306503984864
2023-09-24,28.3,27.721938942035614,0.030080789251483903
2023-09-25,29.4,29.227926396497807,0.09283026652074196
2023-09-26,28.3,29.543688464791305,0.10598701936630439
2023-09-27,23.3,25.178611111111113,0.0
2023-09-28,24.4,24.405,0.0
2023-09-29,28.9,29.083513312415594,0.08681305468398308
2023-09-30,30.0,29.682065621315626,0.11175273422148442
2023-10-01,27.8,27.987237679591207,0.041134903316300285
2023-10-02,28.3,27.932119356095637,0.038838306503984864
2023-10-03,28.3,27.78952527557118,0.03289688648213248
2023-10-04,27.8,27.910757868995592,0.03794824454148301
2023-10-05,27.2,27.23515810385777,0.009798254327407108
2023-10-06,25.6,25.691111111111113,0.0
2023-10-07,20.0,19.611944444444447,0.0
2023-10-08,19.4,18.802500000000006,0.0
2023-10-09,23.3,22.923611111111104,0.0
2023-10-10,26.7,26.59805555555556,0.0
2023-10-11,21.1,22.65972222222223,0.0
2023-10-12,20.6,20.519444444444446,0.0
2023-10-13,19.4,19.455277777777773,0.0
2023-10-14,23.3,23.276111111111106,0.0
2023-10-15,16.1,18.64305555555556,0.0
2023-10-16,13.9,13.366944444444448,0.0
2023-10-17,19.4,18.985277777777778,0.0
2023-10-18,20.6,20.271388888888882,0.0
2023-10-19,22.2,21.938333333333325,0.0
2023-10-20,23.3,23.119444444444444,0.0
2023-10-21,23.9,23.553611111111113,0.0
2023-10-22,24.4,24.000277777777782,0.0
2023-10-23,22.8,22.42472222222223,0.0
2023-10-24,23.3,22.845277777777778,0.0
2023-10-25,23.3,23.223888888888887,0.0
2023-10-26,25.0,24.956666666666663,0.0
2023-10-27,26.1,26.0463888888889,0.0
2023-10-28,26.7,26.986454903191134,0.0
2023-10-29,27.2,27.35456218899553,0.014773424541480415
2023-10-30,27.2,27.543531976835535,0.02264716570148062
2023-10-31,16.1,16.502777777777776,0.0
2023-11-01,11.7,10.874166666666667,0.0
2023-11-02,13.9,12.936111111111112,0.0
2023-11-03,18.3,17.608333333333334,0.0
2023-11-04,22.2,21.67722222222221,0.0
2023-11-05,22.8,22.450833333333343,0.0
2023-11-06,24.4,24.065555555555562,0.0
2023-11-07,26.7,26.493611111111115,0.0
2023-11-08,26.1,26.007222222222232,0.0
2023-11-09,25.6,25.612777777777776,0.0
2023-11-10,18.3,22.803333333333335,0.0
2023-11-11,12.8,14.86138888888889,0.0
2023-11-12,14.4,13.931111111111111,0.0
2023-11-13,19.4,18.920000000000005,0.0
2023-11-14,20.6,20.010277777777773,0.0
2023-11-15,17.2,16.58388888888889,0.0
2023-11-16,21.1,20.90083333333333,0.0
2023-11-17,21.1,21.044444444444448,0.0
2023-11-18,21.7,21.387222222222224,0.0
2023-11-19,20.6,20.179999999999993,0.0
2023-11-20,18.9,18.656111111111105,0.0
2023-11-21,19.4,19.572777777777773,0.0
2023-11-22,14.4,17.30194444444444,0.0
2023-11-23,13.9,13.288611111111111,0.0
2023-11-24,17.2,16.54472222222222,0.0
2023-11-25,15.0,14.443611111111112,0.0
2023-11-26,10.0,11.174444444444447,0.0
2023-11-27,10.0,9.07277777777778,0.0
2023-11-28,10.6,9.536388888888887,0.0
2023-11-29,12.8,11.807222222222222,0.0
2023-11-30,15.0,14.117222222222223,0.0
2023-12-01,15.6,15.530555555555553,0.0
2023-12-02,19.4,19.455277777777773,0.0
2023-12-03,20.0,19.602222222222217,0.0
2023-12-04,19.4,18.81555555555555,0.0
2023-12-05,15.0,14.22166666666667,0.0
2023-12-06,11.1,10.887222222222224,0.0
2023-12-07,13.9,13.0275,0.0
2023-12-08,16.7,16.241666666666667,0.0
2023-12-09,16.7,16.737777777777776,0.0
2023-12-10,17.8,17.931944444444447,0.0
2023-12-11,9.4,8.39388888888889,0.0
2023-12-12,13.3,12.436666666666664,0.0
2023-12-13,15.0,14.208611111111114,0.0
2023-12-14,15.0,14.104166666666668,0.0
2023-12-15,15.0,14.104166666666668,0.0
2023-12-16,14.4,13.761388888888888,0.0
2023-12-17,12.2,11.960555555555556,0.0
2023-12-18,13.3,12.515,0.0
2023-12-19,7.2,8.39388888888889,0.0
2023-12-20,11.1,9.969999999999999,0.0
2023-12-21,13.9,12.91,0.0
2023-12-22,14.4,13.487222222222222,0.0
2023-12-23,18.3,17.895555555555557,0.0
2023-12-24,17.8,17.540277777777778,0.0
2023-12-25,17.2,17.30194444444444,0.0
2023-12-26,17.2,17.354166666666668,0.0
2023-12-27,13.3,13.20694444444444,0.0
2023-12-28,12.2,11.425277777777778,0.0
2023-12-29,6.7,6.909722222222222,0.0
2023-12-30,8.3,7.421666666666663,0.0
2023-12-31,1.1,13.092777777777782,0.0
